,,h_a,xG,xGA,npxG,npxGA,deep,deep_allowed,scored,missed,xpts,result,wins,draws,loses,pts,npxGD,ppda_coef,oppda_coef
Aston Villa,0,a,1.13718,1.35036,0.376011,1.35036,6,4,2,3,1.1959,l,0,0,1,0,-0.974349,6.5,14.428571428571429
Aston Villa,1,h,1.18426,0.63163,0.423091,0.63163,5,4,2,0,1.9441,w,1,0,0,3,-0.20853900000000003,14.428571428571429,8.823529411764707
Aston Villa,2,h,0.431464,1.13312,0.431464,1.13312,2,8,1,1,0.6785,d,0,1,0,1,-0.7016559999999998,13.2,8.291666666666666
Aston Villa,3,a,1.17349,1.22153,1.17349,1.22153,6,3,0,3,1.3221,l,0,0,1,0,-0.04804000000000008,9.870967741935484,9.894736842105264
Aston Villa,4,h,0.777716,0.755035,0.777716,0.755035,5,2,3,0,1.3357999999999999,w,1,0,0,3,0.02268099999999995,8.222222222222221,11.882352941176471
Aston Villa,5,a,1.57249,1.9251,1.57249,1.16393,6,5,1,0,1.1095,w,1,0,0,3,0.40856000000000003,9.409090909090908,6.277777777777778
Aston Villa,6,a,1.07395,1.78187,1.07395,1.78187,11,11,1,2,0.8379,l,0,0,1,0,-0.7079200000000001,7.2727272727272725,7.85
Aston Villa,7,h,1.21276,2.19633,1.21276,2.19633,7,10,2,3,0.6525,l,0,0,1,0,-0.98357,12.6875,9.115384615384615
Aston Villa,8,a,1.41088,3.4984,1.41088,2.62648,7,14,1,3,0.2518,l,0,0,1,0,-1.2156,13.25,9.73913043478261
Aston Villa,9,h,0.687551,2.66391,0.687551,2.66391,3,4,1,4,0.153,l,0,0,1,0,-1.976359,22.75,6.869565217391305
Aston Villa,10,a,0.536077,0.89818,0.536077,0.89818,13,8,0,1,0.9174,l,0,0,1,0,-0.36210299999999995,10.652173913043478,5.458333333333333
Aston Villa,11,h,1.06946,0.582787,1.06946,0.582787,6,4,2,0,1.7925,w,1,0,0,3,0.486673,17.818181818181817,7.590909090909091
Aston Villa,12,a,0.454305,0.962129,0.454305,0.962129,6,5,2,1,0.7950999999999999,w,1,0,0,3,-0.507824,26.307692307692307,9.05
Aston Villa,13,h,0.772083,1.01897,0.772083,1.01897,4,9,1,2,1.1260999999999999,l,0,0,1,0,-0.24688699999999997,15.1,8.727272727272727
Aston Villa,14,h,1.84818,0.982614,1.84818,0.982614,7,12,2,1,2.0334,w,1,0,0,3,0.865566,13.5,4.076923076923077
Aston Villa,15,a,0.140573,2.71181,0.140573,1.95064,4,15,0,1,0.0507,l,0,0,1,0,-1.8100669999999999,24.727272727272727,5.233333333333333
Aston Villa,16,a,1.96261,0.502647,1.96261,0.502647,14,5,2,0,2.5811,w,1,0,0,3,1.4599630000000001,14.15,8.772727272727273
Aston Villa,17,h,0.474029,2.8285,0.474029,1.30616,6,14,1,3,0.0974,l,0,0,1,0,-0.832131,23.0,9.233333333333333
Aston Villa,18,a,1.13821,0.501329,1.13821,0.501329,6,4,1,2,1.9134000000000002,l,0,0,1,0,0.6368809999999999,12.941176470588236,8.1
Aston Villa,19,h,1.82784,1.35378,1.82784,1.35378,12,4,2,2,1.7497,d,0,1,0,1,0.4740599999999999,14.368421052631579,10.655172413793103
Aston Villa,20,a,0.860245,1.2384,0.860245,1.2384,5,1,1,0,1.0054,w,1,0,0,3,-0.3781549999999999,4.875,6.620689655172414
Aston Villa,21,h,1.5013,2.52914,1.5013,2.52914,2,8,3,3,0.6474,d,0,1,0,1,-1.0278399999999999,13.857142857142858,9.866666666666667
Aston Villa,22,a,0.455206,0.527571,0.455206,0.527571,5,2,0,1,1.192,l,0,0,1,0,-0.07236500000000001,3.9615384615384617,6.757575757575758
Aston Villa,23,h,1.0267,1.82051,1.0267,1.82051,18,4,0,1,0.715,l,0,0,1,0,-0.7938100000000001,9.0,21.857142857142858
Aston Villa,24,a,1.3027,0.627107,1.3027,0.627107,4,5,2,0,2.0098,w,1,0,0,3,0.675593,16.7,6.28
Aston Villa,25,h,2.85379,1.32947,2.85379,1.32947,12,4,4,0,2.3496,w,1,0,0,3,1.5243200000000001,16.88888888888889,8.227272727272727
Aston Villa,26,a,1.2729,0.194028,1.2729,0.194028,8,1,3,0,2.2945,w,1,0,0,3,1.0788719999999998,11.85,6.542857142857143
Aston Villa,27,a,1.05391,1.58468,1.05391,1.58468,7,9,1,2,0.8996999999999999,l,0,0,1,0,-0.5307700000000002,14.647058823529411,16.25
Aston Villa,28,h,0.309375,1.14522,0.309375,1.14522,3,11,0,1,0.5175,l,0,0,1,0,-0.835845,21.571428571428573,13.666666666666666
Everton,0,h,2.38863,0.580601,2.38863,0.580601,4,6,3,1,2.6311,w,1,0,0,3,1.8080289999999999,6.869565217391305,5.592592592592593
Everton,1,a,1.85713,0.966093,1.09596,0.966093,6,4,2,2,2.1241000000000003,d,0,1,0,1,0.12986700000000007,17.0,5.428571428571429
Everton,2,a,1.54868,0.701622,0.787544,0.701622,3,9,2,0,2.1092999999999997,w,1,0,0,3,0.08592200000000005,14.25925925925926,7.0
Everton,3,h,1.80386,1.82061,1.80386,1.82061,7,4,3,1,1.3254000000000001,w,1,0,0,3,-0.016750000000000043,11.9375,10.85
Everton,4,a,0.755035,0.777716,0.755035,0.777716,2,5,0,3,1.2992,l,0,0,1,0,-0.02268099999999995,11.882352941176471,8.222222222222221
Everton,5,h,2.26681,0.800903,1.50564,0.800903,6,4,2,0,2.5462,w,1,0,0,3,0.7047370000000001,10.607142857142858,14.0
Everton,6,a,1.32211,1.0496,1.32211,1.0496,2,12,1,1,1.5787,d,0,1,0,1,0.2725099999999998,19.8125,8.133333333333333
Everton,7,h,0.854165,2.03034,0.854165,2.03034,8,9,0,1,0.5223,l,0,0,1,0,-1.1761749999999997,18.41176470588235,11.307692307692308
Everton,8,h,1.84089,3.10344,1.84089,3.10344,12,6,2,5,0.603,l,0,0,1,0,-1.26255,10.68421052631579,13.428571428571429
Everton,9,a,1.69767,1.69344,1.69767,1.69344,7,6,1,2,1.3842999999999999,l,0,0,1,0,0.004229999999999956,13.464285714285714,8.5
Everton,10,h,0.597906,0.801798,0.597906,0.801798,9,3,0,0,1.0875,d,0,1,0,1,-0.20389199999999996,10.419354838709678,9.041666666666666
Everton,11,a,0.266894,2.61302,0.266894,2.61302,3,14,0,3,0.1081,l,0,0,1,0,-2.346126,58.0,6.833333333333333
Everton,12,a,0.968075,1.19813,0.968075,0.436957,9,3,0,1,1.0775,l,0,0,1,0,0.531118,6.9655172413793105,13.210526315789474
Everton,13,h,0.512263,2.86067,0.512263,2.86067,1,10,1,4,0.1388,l,0,0,1,0,-2.348407,15.636363636363637,4.461538461538462
Everton,14,h,1.06108,1.05723,1.06108,1.05723,5,8,2,1,1.3362999999999998,w,1,0,0,3,0.003850000000000131,15.434782608695652,9.0
Everton,15,a,1.27556,2.09864,1.27556,2.09864,5,8,1,3,0.7711,l,0,0,1,0,-0.82308,9.612903225806452,8.125
Everton,16,a,0.627528,3.20239,0.627528,3.20239,0,14,1,1,0.1248,d,0,1,0,1,-2.574862,25.235294117647058,5.066666666666666
Everton,17,h,1.82698,1.48397,1.06581,1.48397,5,8,2,3,1.6211,l,0,0,1,0,-0.4181600000000001,11.31578947368421,8.08695652173913
Everton,18,a,0.541027,1.00153,0.541027,1.00153,7,4,1,2,0.8229,l,0,0,1,0,-0.460503,5.346153846153846,12.1
Everton,19,h,1.2384,0.860245,1.2384,0.860245,1,5,0,1,1.6768,l,0,0,1,0,0.3781549999999999,6.620689655172414,4.875
Everton,20,a,0.823607,2.68732,0.823607,2.68732,1,3,1,3,0.2541,l,0,0,1,0,-1.8637130000000002,5.32,6.948717948717949
Everton,21,h,2.58561,0.242668,2.58561,0.242668,10,4,3,0,2.8679,w,1,0,0,3,2.342942,11.148148148148149,6.043478260869565
Everton,22,a,0.19991,2.72851,0.19991,2.72851,8,9,0,2,0.0673,l,0,0,1,0,-2.5286,9.88888888888889,5.884615384615385
Everton,23,h,0.770819,1.93422,0.770819,1.93422,6,10,0,1,0.4503,l,0,0,1,0,-1.163401,16.136363636363637,6.0
Everton,24,a,0.208263,3.24279,0.208263,3.24279,2,13,0,5,0.0415,l,0,0,1,0,-3.0345269999999998,21.428571428571427,9.928571428571429
Everton,25,h,0.397268,0.712135,0.397268,0.712135,4,3,0,1,0.9760000000000001,l,0,0,1,0,-0.31486699999999995,17.428571428571427,9.125
Everton,26,h,0.708809,0.75803,0.708809,0.75803,4,10,1,0,1.2871000000000001,w,1,0,0,3,-0.04922099999999996,10.636363636363637,7.176470588235294
Southampton,0,a,0.580601,2.38863,0.580601,2.38863,6,4,1,3,0.2455,l,0,0,1,0,-1.8080289999999999,5.592592592592593,6.869565217391305
Southampton,1,h,0.587526,2.26173,0.587526,2.26173,3,11,1,1,0.27690000000000003,d,0,1,0,1,-1.674204,8.870967741935484,9.066666666666666
Southampton,2,a,3.46036,1.19077,2.69919,1.19077,10,6,2,2,2.7954999999999997,d,0,1,0,1,1.50842,7.705882352941177,9.75
Southampton,3,h,0.692135,0.725407,0.692135,0.725407,4,1,0,0,1.2896999999999998,d,0,1,0,1,-0.03327200000000008,23.916666666666668,7.7
Southampton,4,a,0.490923,1.22451,0.490923,1.22451,6,6,0,0,0.7269000000000001,d,0,1,0,1,-0.733587,16.5,11.533333333333333
Southampton,5,h,0.909342,0.909833,0.909342,0.909833,7,3,0,1,1.3033,l,0,0,1,0,-0.0004910000000000192,8.363636363636363,32.375
Southampton,6,a,1.52634,3.79243,0.765173,3.79243,4,12,1,3,0.1839,l,0,0,1,0,-3.027257,9.472222222222221,7.291666666666667
Southampton,7,h,1.83082,0.446173,1.83082,0.446173,4,4,1,0,2.4654000000000003,w,1,0,0,3,1.384647,7.647058823529412,5.612903225806452
Southampton,8,h,1.42567,0.673195,1.42567,0.673195,6,4,2,2,2.0092,d,0,1,0,1,0.752475,6.333333333333333,9.727272727272727
Southampton,9,a,1.90757,0.852556,1.90757,0.852556,11,4,1,0,2.2118,w,1,0,0,3,1.055014,7.052631578947368,10.038461538461538
Southampton,10,h,0.89818,0.536077,0.89818,0.536077,8,13,1,0,1.7231999999999998,w,1,0,0,3,0.36210299999999995,5.458333333333333,10.652173913043478
Southampton,11,a,1.13118,0.43778,1.13118,0.43778,9,4,1,2,1.9398,l,0,0,1,0,0.6934,7.764705882352941,10.75
Southampton,12,a,0.966132,3.07278,0.966132,3.07278,2,14,0,4,0.2162,l,0,0,1,0,-2.106648,15.217391304347826,9.61111111111111
Southampton,13,h,1.91169,1.4401,1.91169,1.4401,10,5,2,2,1.748,d,0,1,0,1,0.47158999999999995,10.076923076923077,8.833333333333334
Southampton,14,h,1.34236,1.4872,1.34236,1.4872,8,6,1,1,1.2105,d,0,1,0,1,-0.14484000000000008,8.652173913043478,4.24
Southampton,15,a,0.502215,2.08429,0.502215,2.08429,2,7,0,3,0.31889999999999996,l,0,0,1,0,-1.5820750000000001,20.0,21.375
Southampton,16,a,0.625183,1.49244,0.625183,1.49244,2,4,2,2,0.641,d,0,1,0,1,-0.867257,6.358974358974359,5.333333333333333
Southampton,17,a,1.35643,1.53745,0.595257,1.53745,2,10,3,2,1.1727,w,1,0,0,3,-0.942193,9.363636363636363,9.555555555555555
Southampton,18,h,0.353043,2.80917,0.353043,2.048,0,10,1,1,0.1031,d,0,1,0,1,-1.694957,8.142857142857142,7.642857142857143
Southampton,19,h,1.59306,0.621466,1.59306,0.621466,1,3,4,1,2.1879,w,1,0,0,3,0.971594,8.576923076923077,9.777777777777779
Southampton,20,a,0.91728,2.29917,0.91728,1.538,8,4,1,3,0.3762,l,0,0,1,0,-0.62072,12.846153846153847,9.48
Southampton,21,h,1.00222,1.62907,1.00222,1.62907,1,17,1,1,0.8467,d,0,1,0,1,-0.6268499999999999,20.941176470588236,4.9
Southampton,22,a,1.73293,1.74286,1.73293,1.74286,7,4,3,2,1.3425000000000002,w,1,0,0,3,-0.009929999999999994,9.48,10.842105263157896
Southampton,23,a,0.677386,2.99207,0.677386,2.99207,7,8,1,1,0.1409,d,0,1,0,1,-2.3146839999999997,9.068965517241379,10.608695652173912
Southampton,24,h,2.72851,0.19991,2.72851,0.19991,9,8,2,0,2.8855000000000004,w,1,0,0,3,2.5286,5.884615384615385,9.88888888888889
Southampton,25,h,3.08863,0.424877,3.08863,0.424877,9,4,2,0,2.8648,w,1,0,0,3,2.6637530000000003,9.380952380952381,15.714285714285714
Southampton,26,a,1.32947,2.85379,1.32947,2.85379,4,12,0,4,0.48929999999999996,l,0,0,1,0,-1.5243200000000001,8.227272727272727,16.88888888888889
Southampton,27,h,1.79835,0.812233,1.79835,0.812233,8,5,1,2,2.1947,l,0,0,1,0,0.9861169999999999,8.11111111111111,14.636363636363637
Southampton,28,h,1.25696,1.29385,1.25696,1.29385,5,5,1,2,1.3351,l,0,0,1,0,-0.03688999999999987,6.555555555555555,13.823529411764707
Leicester,0,h,0.668082,1.32714,0.668082,1.32714,6,7,1,0,0.7799,w,1,0,0,3,-0.659058,11.5,20.263157894736842
Leicester,1,a,0.62676,2.28613,0.62676,2.28613,5,5,1,4,0.3362,l,0,0,1,0,-1.65937,12.909090909090908,23.357142857142858
Leicester,2,a,1.27371,1.44084,1.27371,0.679671,3,2,2,1,1.1889,w,1,0,0,3,0.5940389999999999,8.772727272727273,10.96
Leicester,3,h,0.8001,2.75058,0.8001,2.75058,6,14,0,1,0.28190000000000004,l,0,0,1,0,-1.9504799999999998,77.75,9.461538461538462
Leicester,4,a,1.25373,1.47438,1.25373,0.71321,12,6,1,2,1.1499,l,0,0,1,0,0.54052,8.857142857142858,13.761904761904763
Leicester,5,h,2.16233,0.428866,2.16233,0.428866,17,9,2,2,2.5699,d,0,1,0,1,1.733464,9.076923076923077,14.08695652173913
Leicester,6,a,1.04322,1.1703,1.04322,1.1703,1,13,2,2,1.2822,d,0,1,0,1,-0.12707999999999986,9.323529411764707,6.8
Leicester,7,h,2.96611,1.02494,2.96611,1.02494,10,4,4,2,2.6238,w,1,0,0,3,1.94117,13.285714285714286,12.346153846153847
Leicester,8,a,1.00254,1.16789,1.00254,1.16789,5,7,2,1,1.1802000000000001,w,1,0,0,3,-0.1653500000000001,21.333333333333332,5.837837837837838
Leicester,9,h,1.98801,1.10288,1.98801,1.10288,9,5,0,2,2.0833,l,0,0,1,0,0.88513,9.105263157894736,24.933333333333334
Leicester,10,a,0.795292,1.96551,0.795292,1.96551,4,5,1,1,0.452,d,0,1,0,1,-1.1702180000000002,12.444444444444445,8.772727272727273
Leicester,11,h,0.499504,2.57178,0.499504,2.57178,1,8,0,3,0.1647,l,0,0,1,0,-2.072276,10.0,8.869565217391305
Leicester,12,h,2.16027,2.38383,2.16027,1.62266,8,4,4,2,1.2363,w,1,0,0,3,0.5376100000000001,11.8,5.0
Leicester,13,a,1.4401,1.91169,1.4401,1.91169,5,10,2,2,1.0004,d,0,1,0,1,-0.47158999999999995,8.833333333333334,10.076923076923077
Leicester,14,a,0.982614,1.84818,0.982614,1.84818,12,7,1,2,0.7368,l,0,0,1,0,-0.865566,4.076923076923077,13.5
Leicester,15,h,2.05771,0.511934,1.29654,0.511934,8,7,4,0,2.6016999999999997,w,1,0,0,3,0.784606,12.166666666666666,7.387096774193548
Leicester,16,a,2.43425,3.82869,2.43425,2.30635,6,12,3,6,0.5574,l,0,0,1,0,0.1278999999999999,43.0,8.958333333333334
Leicester,17,h,0.615892,2.72682,0.615892,1.86362,6,22,1,0,0.1549,w,1,0,0,3,-1.247728,18.583333333333332,6.0
Leicester,18,h,1.95031,4.24711,1.95031,4.24711,6,11,2,3,0.3056,l,0,0,1,0,-2.2968,29.5,16.130434782608695
Leicester,19,h,1.70979,1.19738,1.70979,1.19738,10,8,1,1,1.799,d,0,1,0,1,0.5124099999999998,16.72222222222222,10.217391304347826
Leicester,20,a,0.544954,2.72997,0.544954,2.72997,5,12,0,2,0.176,l,0,0,1,0,-2.1850159999999996,23.666666666666668,4.523809523809524
Leicester,21,h,1.40693,0.745068,0.645761,0.745068,3,7,2,2,1.9497,d,0,1,0,1,-0.09930699999999992,11.318181818181818,15.857142857142858
Leicester,22,a,1.55048,0.472777,1.55048,0.472777,8,4,1,2,2.3895999999999997,l,0,0,1,0,1.077703,7.64,26.0
Leicester,23,a,1.79558,1.04214,1.79558,1.04214,7,6,2,0,1.9392000000000003,w,1,0,0,3,0.7534399999999999,7.9523809523809526,8.0
Leicester,24,h,0.359129,2.14389,0.359129,2.14389,6,12,1,0,0.2368,w,1,0,0,3,-1.7847609999999998,11.619047619047619,11.208333333333334
Leicester,25,a,0.54911,2.93665,0.54911,2.17548,6,9,0,2,0.1325,l,0,0,1,0,-1.6263699999999999,16.473684210526315,22.625
Leicester,26,h,1.27865,1.72466,1.27865,1.72466,6,12,2,1,1.0108000000000001,w,1,0,0,3,-0.44601,11.043478260869565,15.2
Crystal Palace,0,a,0.321701,1.18709,0.321701,1.18709,3,14,0,3,0.5141,l,0,0,1,0,-0.865389,71.0,6.595238095238095
Crystal Palace,1,h,0.606313,0.712439,0.606313,0.712439,5,6,0,0,1.2139,d,0,1,0,1,-0.10612600000000005,9.2,8.172413793103448
Crystal Palace,2,a,1.67658,1.44748,1.67658,1.44748,6,11,2,2,1.5829,d,0,1,0,1,0.22909999999999986,8.894736842105264,11.185185185185185
Crystal Palace,3,h,2.89372,0.0775646,2.13255,0.0775646,7,1,3,0,2.9736,w,1,0,0,3,2.0549854,6.035714285714286,12.761904761904763
Crystal Palace,4,a,0.644168,2.76793,0.644168,2.76793,8,8,0,3,0.1891,l,0,0,1,0,-2.1237619999999997,20.333333333333332,5.166666666666667
Crystal Palace,5,h,1.36836,0.649566,0.607196,0.649566,4,5,1,1,2.0753,d,0,1,0,1,-0.04237000000000002,17.38095238095238,11.043478260869565
Crystal Palace,6,h,1.1703,1.04322,1.1703,1.04322,13,1,2,2,1.4123999999999999,d,0,1,0,1,0.12707999999999986,6.8,9.323529411764707
Crystal Palace,7,a,0.492239,1.7436,0.492239,1.7436,3,10,2,2,0.40990000000000004,d,0,1,0,1,-1.2513610000000002,21.384615384615383,16.894736842105264
Crystal Palace,8,h,2.25588,0.721813,2.25588,0.721813,9,4,1,1,2.4970999999999997,d,0,1,0,1,1.5340669999999998,5.117647058823529,25.666666666666668
Crystal Palace,9,a,1.05029,0.65739,1.05029,0.65739,5,12,2,0,1.7303,w,1,0,0,3,0.3928999999999999,16.68421052631579,7.2
Crystal Palace,10,h,2.65161,0.25416,2.65161,0.25416,10,2,2,0,2.8632,w,1,0,0,3,2.3974499999999996,6.419354838709677,16.047619047619047
Crystal Palace,11,a,1.74839,1.04224,1.74839,1.04224,9,5,3,3,1.8903,d,0,1,0,1,0.70615,17.875,11.782608695652174
Crystal Palace,12,h,0.962129,0.454305,0.962129,0.454305,5,6,1,2,1.8546999999999998,l,0,0,1,0,0.507824,9.05,26.307692307692307
Crystal Palace,13,a,0.707328,1.9818,0.707328,1.22063,4,5,0,1,0.3847,l,0,0,1,0,-0.5133020000000001,12.636363636363637,3.8421052631578947
Crystal Palace,14,a,0.520593,0.870376,0.520593,0.870376,3,13,0,1,0.9988,l,0,0,1,0,-0.34978300000000007,14.866666666666667,7.0
Crystal Palace,15,h,2.09864,1.27556,2.09864,1.27556,8,5,3,1,1.996,w,1,0,0,3,0.82308,8.125,9.612903225806452
Crystal Palace,16,h,1.49244,0.625183,1.49244,0.625183,4,2,2,2,2.1068,d,0,1,0,1,0.867257,5.333333333333333,6.358974358974359
Crystal Palace,17,a,0.178324,2.82148,0.178324,2.82148,2,15,0,3,0.0596,l,0,0,1,0,-2.6431560000000003,14.0,5.666666666666667
Crystal Palace,18,h,2.38978,0.594134,1.62862,0.594134,8,5,3,0,2.6129,w,1,0,0,3,1.0344859999999998,10.894736842105264,11.142857142857142
Crystal Palace,19,h,2.69204,2.23146,2.69204,1.47029,11,4,2,3,1.6874,l,0,0,1,0,1.22175,10.2,9.823529411764707
Crystal Palace,20,a,0.509681,2.18053,0.509681,1.41937,4,11,1,1,0.23170000000000002,d,0,1,0,1,-0.909689,24.583333333333332,5.321428571428571
Crystal Palace,21,h,1.62615,1.49697,1.62615,0.735802,5,11,1,3,1.4757,l,0,0,1,0,0.890348,10.88888888888889,13.571428571428571
Crystal Palace,22,a,1.22883,0.296411,0.467662,0.296411,3,2,1,1,2.3404000000000003,d,0,1,0,1,0.17125100000000004,4.62962962962963,17.52173913043478
Crystal Palace,23,a,0.49802,1.97576,0.49802,1.97576,5,7,0,0,0.2835,d,0,1,0,1,-1.4777399999999998,5.7,9.08
Crystal Palace,24,h,0.624023,1.12339,0.624023,1.12339,3,7,0,1,0.8432,l,0,0,1,0,-0.4993670000000001,14.5,5.696969696969697
Crystal Palace,25,a,0.818403,1.71917,0.818403,1.71917,2,4,4,1,0.5962999999999999,w,1,0,0,3,-0.9007670000000001,10.92,26.76923076923077
Crystal Palace,26,h,1.03765,0.255988,1.03765,0.255988,7,2,1,1,2.1414,d,0,1,0,1,0.781662,21.625,8.333333333333334
Crystal Palace,27,a,2.53759,0.710865,1.77642,0.710865,9,8,2,0,2.7151,w,1,0,0,3,1.0655550000000003,14.8,4.818181818181818
Crystal Palace,28,h,0.474002,2.04021,0.474002,2.04021,6,14,0,0,0.2973,d,0,1,0,1,-1.566208,32.36363636363637,4.290322580645161
Norwich,0,h,1.3333,1.78728,1.3333,1.78728,3,13,0,3,1.0334999999999999,l,0,0,1,0,-0.45398000000000005,25.666666666666668,11.580645161290322
Norwich,1,a,0.0250088,2.43928,0.0250088,2.43928,0,16,0,5,0.0388,l,0,0,1,0,-2.4142712,27.583333333333332,7.617647058823529
Norwich,2,h,1.44084,1.27371,0.679671,1.27371,2,3,1,2,1.5021,l,0,0,1,0,-0.5940389999999999,10.96,8.772727272727273
Norwich,3,a,0.577292,2.68515,0.577292,2.68515,5,13,0,1,0.2151,l,0,0,1,0,-2.1078580000000002,19.363636363636363,12.5
Norwich,4,h,0.782665,2.42487,0.782665,2.42487,12,7,1,3,0.3517,l,0,0,1,0,-1.6422049999999997,8.074074074074074,10.4
Norwich,5,a,0.800903,2.26681,0.800903,1.50564,4,6,0,2,0.29469999999999996,l,0,0,1,0,-0.7047370000000001,14.0,10.607142857142858
Norwich,6,a,0.673617,0.584725,0.673617,0.584725,9,6,0,0,1.4089,d,0,1,0,1,0.08889199999999997,16.166666666666668,7.6923076923076925
Norwich,7,h,1.16088,1.17572,1.16088,1.17572,6,15,0,0,1.3029,d,0,1,0,1,-0.014840000000000186,24.0,5.913043478260869
Norwich,8,a,0.267429,3.10509,0.267429,2.34393,0,10,0,7,0.047,l,0,0,1,0,-2.076501,18.166666666666668,6.888888888888889
Norwich,9,h,0.661887,1.16855,0.661887,1.16855,2,5,1,2,0.8668,l,0,0,1,0,-0.506663,8.727272727272727,4.285714285714286
Norwich,10,a,1.15797,2.79229,0.396837,2.79229,4,11,2,1,0.3436,w,1,0,0,3,-2.395453,14.722222222222221,6.782608695652174
Norwich,11,h,0.43778,1.13118,0.43778,1.13118,4,9,2,1,0.7430999999999999,w,1,0,0,3,-0.6934,10.75,7.764705882352941
Norwich,12,h,1.4047,0.297157,1.4047,0.297157,9,5,0,0,2.3478999999999997,d,0,1,0,1,1.1075430000000002,13.333333333333334,16.0
Norwich,13,a,1.51084,1.15636,1.51084,0.395187,8,2,1,1,1.62,d,0,1,0,1,1.115653,4.923076923076923,36.625
Norwich,14,a,1.06562,2.00668,1.06562,2.00668,9,3,0,3,0.6900999999999999,l,0,0,1,0,-0.9410599999999998,22.545454545454547,24.05263157894737
Norwich,15,h,0.986107,2.09817,0.986107,1.337,8,9,0,1,0.5436,l,0,0,1,0,-0.350893,24.7,8.551724137931034
Norwich,16,h,0.502647,1.96261,0.502647,1.96261,5,14,0,2,0.2555,l,0,0,1,0,-1.4599630000000001,8.772727272727273,14.15
Norwich,17,h,0.154212,2.87539,0.154212,2.11422,1,10,0,5,0.0342,l,0,0,1,0,-1.960008,13.88,9.5625
Norwich,18,a,0.594134,2.38978,0.594134,1.62862,5,8,0,3,0.263,l,0,0,1,0,-1.0344859999999998,11.142857142857142,10.894736842105264
Norwich,19,a,0.343347,2.89217,0.343347,2.89217,4,12,0,2,0.0849,l,0,0,1,0,-2.548823,28.5,9.55
Norwich,20,h,1.00153,0.541027,1.00153,0.541027,4,7,2,1,1.8435000000000001,w,1,0,0,3,0.460503,12.1,5.346153846153846
Norwich,21,a,0.925212,1.30606,0.925212,1.30606,2,9,3,0,1.034,w,1,0,0,3,-0.38084799999999996,8.25,5.090909090909091
Norwich,22,h,0.296411,1.22883,0.296411,0.467662,2,3,1,1,0.4135,d,0,1,0,1,-0.17125100000000004,17.52173913043478,4.62962962962963
Norwich,23,h,0.356755,4.44653,0.356755,3.46024,5,21,0,4,0.007500000000000001,l,0,0,1,0,-3.103485,39.111111111111114,9.235294117647058
Norwich,24,a,0.66975,3.15449,0.66975,3.15449,5,21,1,3,0.1656,l,0,0,1,0,-2.48474,25.428571428571427,7.681818181818182
Norwich,25,a,0.424877,3.08863,0.424877,3.08863,4,9,0,2,0.0835,l,0,0,1,0,-2.6637530000000003,15.714285714285714,9.380952380952381
Norwich,26,h,0.77334,2.22064,0.77334,0.698303,5,5,1,3,0.34450000000000003,l,0,0,1,0,0.07503700000000002,7.421052631578948,9.48
Norwich,27,h,0.965723,2.1308,0.204554,2.1308,2,17,1,3,0.5409,l,0,0,1,0,-1.926246,27.933333333333334,10.5
Norwich,28,a,1.40148,3.11755,1.40148,3.11755,12,10,1,2,0.3369,l,0,0,1,0,-1.71607,11.777777777777779,5.555555555555555
Chelsea,0,h,1.18709,0.321701,1.18709,0.321701,14,3,3,0,2.2037,w,1,0,0,3,0.865389,6.595238095238095,71.0
Chelsea,1,a,3.64132,0.630099,3.64132,0.630099,19,3,2,0,2.8946,w,1,0,0,3,3.011221,10.4,16.347826086956523
Chelsea,2,a,0.573638,2.08462,0.573638,1.32345,4,6,1,1,0.3479,d,0,1,0,1,-0.749812,28.09090909090909,7.275862068965517
Chelsea,3,h,1.22153,1.17349,1.22153,1.17349,3,6,3,0,1.3641,w,1,0,0,3,0.04804000000000008,9.894736842105264,9.870967741935484
Chelsea,4,a,2.5869,0.70567,2.5869,0.70567,15,0,3,0,2.5953,w,1,0,0,3,1.88123,9.3125,14.9
Chelsea,5,h,0.194202,1.69244,0.194202,1.69244,4,9,0,1,0.2603,l,0,0,1,0,-1.498238,21.4375,9.133333333333333
Chelsea,6,h,3.79243,1.52634,3.79243,0.765173,12,4,3,1,2.7201000000000004,w,1,0,0,3,3.027257,7.291666666666667,9.472222222222221
Chelsea,7,a,0.248256,1.62169,0.248256,1.62169,8,16,1,0,0.3083,w,1,0,0,3,-1.373434,13.866666666666667,14.263157894736842
Chelsea,8,h,3.10509,0.267429,2.34393,0.267429,10,0,7,0,2.9177,w,1,0,0,3,2.076501,6.888888888888889,18.166666666666668
Chelsea,9,a,2.16608,0.157616,1.40491,0.157616,14,0,3,0,2.8571,w,1,0,0,3,1.2472940000000001,3.8947368421052633,21.066666666666666
Chelsea,10,h,3.00585,0.674072,3.00585,0.674072,16,5,1,1,2.7323000000000004,d,0,1,0,1,2.331778,13.6,15.904761904761905
Chelsea,11,a,2.57178,0.499504,2.57178,0.499504,8,1,3,0,2.733,w,1,0,0,3,2.072276,8.869565217391305,10.0
Chelsea,12,h,2.34525,0.563367,1.58408,0.563367,5,2,1,1,2.6473,d,0,1,0,1,1.020713,5.375,16.7
Chelsea,13,a,0.908574,0.990877,0.908574,0.990877,7,7,2,1,1.2695999999999998,w,1,0,0,3,-0.08230300000000002,7.875,6.9655172413793105
Chelsea,14,a,1.37049,2.0174,1.37049,1.25623,13,4,2,3,0.8833,l,0,0,1,0,0.11426000000000003,9.45,12.6
Chelsea,15,h,2.74844,1.72934,1.2261,0.968172,8,1,3,2,2.1049,w,1,0,0,3,0.25792799999999994,7.0,11.722222222222221
Chelsea,16,h,3.20239,0.627528,3.20239,0.627528,14,0,1,1,2.8005,d,0,1,0,1,2.574862,5.066666666666666,25.235294117647058
Chelsea,17,a,0.793952,0.321371,0.793952,0.321371,11,4,0,0,1.81,d,0,1,0,1,0.472581,10.416666666666666,33.5
Chelsea,18,a,2.8285,0.474029,1.30616,0.474029,14,6,3,1,2.8468999999999998,w,1,0,0,3,0.832131,9.233333333333333,23.0
Chelsea,19,h,0.763458,0.78663,0.763458,0.78663,10,11,1,1,1.3023,d,0,1,0,1,-0.02317200000000008,9.222222222222221,12.625
Chelsea,20,h,1.389,1.78897,1.389,1.78897,8,4,2,2,1.0459,d,0,1,0,1,-0.39996999999999994,8.833333333333334,12.36
Chelsea,21,a,0.613757,0.901703,0.613757,0.901703,2,6,0,1,1.0597,l,0,0,1,0,-0.28794600000000004,16.9,13.347826086956522
Chelsea,22,a,0.572994,0.747557,0.572994,0.747557,11,13,1,1,1.1167,d,0,1,0,1,-0.17456300000000002,13.125,14.217391304347826
Chelsea,23,h,1.04212,0.328818,1.04212,0.328818,4,4,2,0,2.0021999999999998,w,1,0,0,3,0.7133019999999999,5.645161290322581,16.956521739130434
Chelsea,24,a,1.12339,0.624023,1.12339,0.624023,7,3,1,0,1.8439999999999999,w,1,0,0,3,0.4993670000000001,5.696969696969697,14.5
Chelsea,25,a,2.2868,0.849232,2.2868,0.849232,6,4,4,0,2.5338999999999996,w,1,0,0,3,1.437568,10.0,16.133333333333333
Chelsea,26,a,2.1308,0.965723,2.1308,0.204554,17,2,3,1,2.2335000000000003,w,1,0,0,3,1.926246,10.5,27.933333333333334
Chelsea,27,h,1.07072,0.246037,1.07072,0.246037,6,1,1,0,2.1966,w,1,0,0,3,0.8246829999999998,4.0,14.666666666666666
West Ham,0,a,3.00939,1.67926,2.09241,1.67926,10,5,4,2,2.2684,w,1,0,0,3,0.41315000000000013,11.619047619047619,24.5
West Ham,1,h,2.28613,0.62676,2.28613,0.62676,5,5,4,1,2.4983,w,1,0,0,3,1.65937,23.357142857142858,12.909090909090908
West Ham,2,h,1.44748,1.67658,1.44748,1.67658,11,6,2,2,1.1347,d,0,1,0,1,-0.22909999999999986,11.185185185185185,8.894736842105264
West Ham,3,a,0.725407,0.692135,0.725407,0.692135,1,4,0,0,1.3385999999999998,d,0,1,0,1,0.03327200000000008,7.7,23.916666666666668
West Ham,4,h,1.6671,1.8954,0.905935,1.8954,7,7,1,2,1.1842000000000001,l,0,0,1,0,-0.9894649999999999,16.8,12.555555555555555
West Ham,5,a,1.98962,1.1967,1.98962,1.1967,5,8,2,1,1.9499,w,1,0,0,3,0.7929199999999998,20.333333333333332,13.642857142857142
West Ham,6,h,1.37258,1.30098,1.37258,1.30098,8,1,1,2,1.3847999999999998,l,0,0,1,0,0.07159999999999989,6.0,13.428571428571429
West Ham,7,a,2.03034,0.854165,2.03034,0.854165,9,8,1,0,2.2800000000000002,w,1,0,0,3,1.1761749999999997,11.307692307692308,18.41176470588235
West Ham,8,h,1.73468,0.672198,1.73468,0.672198,6,2,1,0,2.2542,w,1,0,0,3,1.0624820000000001,21.58823529411765,11.3
West Ham,9,a,2.66391,0.687551,2.66391,0.687551,4,3,4,1,2.7567000000000004,w,1,0,0,3,1.976359,6.869565217391305,22.75
West Ham,10,h,1.25298,1.45641,1.25298,1.45641,3,16,3,2,1.2139,w,1,0,0,3,-0.20343,20.6,6.636363636363637
West Ham,11,a,0.436331,1.31903,0.436331,1.31903,7,5,0,1,0.6138,l,0,0,1,0,-0.8826989999999999,11.714285714285714,21.692307692307693
West Ham,12,a,0.171763,2.72187,0.171763,2.72187,5,9,1,2,0.0579,l,0,0,1,0,-2.550107,23.88235294117647,7.333333333333333
West Ham,13,h,1.14679,1.2607,1.14679,1.2607,5,10,1,1,1.2522000000000002,d,0,1,0,1,-0.11390999999999996,13.375,3.5357142857142856
West Ham,14,h,2.0174,1.37049,1.25623,1.37049,4,13,3,2,1.8787000000000003,w,1,0,0,3,-0.11426000000000003,12.6,9.45
West Ham,15,a,0.998813,0.54801,0.998813,0.54801,8,3,0,0,1.7400000000000002,d,0,1,0,1,0.45080299999999995,7.176470588235294,11.411764705882353
West Ham,16,a,0.338855,2.81482,0.338855,2.05365,0,13,0,2,0.09430000000000001,l,0,0,1,0,-1.714795,13.444444444444445,9.090909090909092
West Ham,17,h,1.53745,1.35643,1.53745,0.595257,10,2,2,3,1.5153,l,0,0,1,0,0.942193,9.555555555555555,9.363636363636363
West Ham,18,a,2.84084,1.0143,2.07967,1.0143,6,3,4,1,2.5771,w,1,0,0,3,1.0653700000000002,4.724137931034483,9.043478260869565
West Ham,19,a,2.23146,2.69204,1.47029,2.69204,4,11,3,2,1.0835000000000001,w,1,0,0,3,-1.22175,9.823529411764707,10.2
West Ham,20,h,2.89217,0.343347,2.89217,0.343347,12,4,2,0,2.8644,w,1,0,0,3,2.548823,9.55,28.5
West Ham,21,h,2.3549,2.26884,2.3549,2.26884,9,6,2,3,1.4292999999999998,l,0,0,1,0,0.08606000000000025,9.36,8.45
West Ham,22,a,0.238027,1.75857,0.238027,1.75857,3,12,0,1,0.152,l,0,0,1,0,-1.520543,11.84,12.052631578947368
West Ham,23,h,0.905143,0.335474,0.905143,0.335474,9,5,1,0,1.9581000000000002,w,1,0,0,3,0.569669,7.7368421052631575,22.8
West Ham,24,a,0.745068,1.40693,0.745068,0.645761,7,3,2,2,0.7605,d,0,1,0,1,0.09930699999999992,15.857142857142858,11.318181818181818
West Ham,25,h,0.847948,0.932574,0.847948,0.932574,7,9,1,1,1.2407,d,0,1,0,1,-0.08462599999999998,23.4,12.0625
West Ham,26,h,1.62241,0.892018,1.62241,0.892018,14,7,1,0,1.9858000000000002,w,1,0,0,3,0.7303919999999999,13.192307692307692,31.0
West Ham,27,a,1.33829,2.18865,1.33829,2.18865,3,13,0,1,0.8008,l,0,0,1,0,-0.85036,34.0,10.555555555555555
West Ham,28,h,1.58468,1.05391,1.58468,1.05391,9,7,2,1,1.8246,w,1,0,0,3,0.5307700000000002,16.25,14.647058823529411
West Ham,29,a,0.644964,2.54795,0.644964,2.54795,3,5,1,3,0.25570000000000004,l,0,0,1,0,-1.9029860000000003,24.733333333333334,19.705882352941178
Tottenham,0,h,1.06014,2.10585,1.06014,2.10585,5,8,1,0,0.6512,w,1,0,0,3,-1.0457100000000001,17.294117647058822,6.136363636363637
Tottenham,1,a,1.72636,1.51127,0.965189,1.51127,6,9,1,0,1.5867,w,1,0,0,3,-0.5460809999999999,13.764705882352942,7.37037037037037
Tottenham,2,h,0.920963,0.596016,0.920963,0.596016,16,4,1,0,1.6041999999999998,w,1,0,0,3,0.324947,11.523809523809524,19.25
Tottenham,3,a,0.0775646,2.89372,0.0775646,2.13255,1,7,0,3,0.0144,l,0,0,1,0,-2.0549854,12.761904761904763,6.035714285714286
Tottenham,4,h,0.70567,2.5869,0.70567,2.5869,0,15,0,3,0.276,l,0,0,1,0,-1.88123,14.9,9.3125
Tottenham,5,a,0.980166,1.44499,0.980166,1.44499,2,5,1,3,0.9357,l,0,0,1,0,-0.464824,12.5,16.4
Tottenham,6,h,1.78187,1.07395,1.78187,1.07395,11,11,2,1,1.8999000000000001,w,1,0,0,3,0.7079200000000001,7.85,7.2727272727272725
Tottenham,7,a,1.55008,0.645658,1.55008,0.645658,10,3,3,2,2.1853,w,1,0,0,3,0.904422,9.15,11.5625
Tottenham,8,a,0.672198,1.73468,0.672198,1.73468,2,6,0,1,0.5223,l,0,0,1,0,-1.0624820000000001,11.3,21.58823529411765
Tottenham,9,h,1.15787,1.38612,1.15787,1.38612,3,9,0,3,1.1688,l,0,0,1,0,-0.22825000000000006,7.172413793103448,10.275862068965518
Tottenham,10,a,0.801798,0.597906,0.801798,0.597906,3,9,0,0,1.5282,d,0,1,0,1,0.20389199999999996,9.041666666666666,10.419354838709678
Tottenham,11,h,2.31744,1.46689,2.31744,1.46689,8,5,2,1,2.0156,w,1,0,0,3,0.8505499999999999,9.59375,7.419354838709677
Tottenham,12,h,2.07248,0.225492,2.07248,0.225492,6,7,2,0,2.7792,w,1,0,0,3,1.846988,17.5,15.8125
Tottenham,13,h,2.00668,1.06562,2.00668,1.06562,3,9,3,0,2.0734,w,1,0,0,3,0.9410599999999998,24.05263157894737,22.545454545454547
Tottenham,14,h,2.79777,1.54944,2.79777,1.54944,11,13,2,2,2.2655000000000003,d,0,1,0,1,1.24833,21.181818181818183,6.638888888888889
Tottenham,15,h,2.82148,0.178324,2.82148,0.178324,15,2,3,0,2.9006000000000003,w,1,0,0,3,2.6431560000000003,5.666666666666667,14.0
Tottenham,16,a,2.80917,0.353043,2.048,0.353043,10,0,1,1,2.8348999999999998,d,0,1,0,1,1.694957,7.642857142857143,8.142857142857142
Tottenham,17,a,1.93752,0.303514,1.93752,0.303514,20,0,1,0,2.621,w,1,0,0,3,1.6340059999999998,5.64,31.77777777777778
Tottenham,18,a,4.24711,1.95031,4.24711,1.95031,11,6,3,2,2.5865,w,1,0,0,3,2.2968,16.130434782608695,29.5
Tottenham,19,a,0.328818,1.04212,0.328818,1.04212,4,4,0,2,0.6659999999999999,l,0,0,1,0,-0.7133019999999999,16.956521739130434,5.645161290322581
Tottenham,20,h,1.74286,1.73293,1.74286,1.73293,4,7,2,3,1.3881000000000001,l,0,0,1,0,0.009929999999999994,10.842105263157896,9.48
Tottenham,21,h,0.838197,1.87026,0.838197,1.87026,8,4,0,2,0.5387,l,0,0,1,0,-1.032063,9.68,18.38888888888889
Tottenham,22,a,2.00235,2.31773,2.00235,1.55656,2,22,3,2,1.1663000000000001,w,1,0,0,3,0.4457899999999999,62.0,8.541666666666666
Tottenham,23,a,0.691655,1.55576,0.691655,1.55576,11,3,0,1,0.6121,l,0,0,1,0,-0.864105,9.5,12.1
Tottenham,24,a,2.47025,1.89569,2.47025,1.89569,10,16,4,0,1.7696,w,1,0,0,3,0.57456,17.916666666666668,7.945945945945946
Tottenham,25,h,3.24279,0.208263,3.24279,0.208263,13,2,5,0,2.9293,w,1,0,0,3,3.0345269999999998,9.928571428571429,21.428571428571427
Tottenham,26,a,1.62374,1.0181,0.862572,1.0181,12,5,2,3,1.8900000000000001,l,0,0,1,0,-0.155528,11.380952380952381,27.0
Tottenham,27,a,2.05196,1.04171,2.05196,1.04171,4,6,2,0,2.0847,w,1,0,0,3,1.0102499999999999,17.0,10.612903225806452
Tottenham,28,h,2.54795,0.644964,2.54795,0.644964,5,3,3,1,2.6248,w,1,0,0,3,1.9029860000000003,19.705882352941178,24.733333333333334
Arsenal,0,a,1.02385,1.88818,1.02385,1.88818,10,7,0,2,0.6559,l,0,0,1,0,-0.86433,5.7727272727272725,16.11111111111111
Arsenal,1,h,0.630099,3.64132,0.630099,3.64132,3,19,0,2,0.0659,l,0,0,1,0,-3.011221,16.347826086956523,10.4
Arsenal,2,a,0.116805,4.47273,0.116805,4.47273,0,14,0,5,0.0063,l,0,0,1,0,-4.355925,52.142857142857146,5.055555555555555
Arsenal,3,h,2.68515,0.577292,2.68515,0.577292,13,5,1,0,2.6841,w,1,0,0,3,2.1078580000000002,12.5,19.363636363636363
Arsenal,4,a,1.09928,0.775574,1.09928,0.775574,7,9,1,0,1.6597,w,1,0,0,3,0.32370600000000005,10.823529411764707,12.695652173913043
Arsenal,5,h,1.44499,0.980166,1.44499,0.980166,5,2,3,1,1.7799,w,1,0,0,3,0.464824,16.4,12.5
Arsenal,6,a,0.36431,1.11551,0.36431,1.11551,7,9,0,0,0.6811,d,0,1,0,1,-0.7512,30.125,8.75
Arsenal,7,h,1.7436,0.492239,1.7436,0.492239,10,3,2,2,2.3971,d,0,1,0,1,1.2513610000000002,16.894736842105264,21.384615384615383
Arsenal,8,h,3.4984,1.41088,2.62648,1.41088,14,7,3,1,2.6395,w,1,0,0,3,1.2156,9.73913043478261,13.25
Arsenal,9,a,1.10288,1.98801,1.10288,1.98801,5,9,2,0,0.685,w,1,0,0,3,-0.88513,24.933333333333334,9.105263157894736
Arsenal,10,h,1.49208,0.491659,0.730909,0.491659,7,1,1,0,2.2822,w,1,0,0,3,0.23925000000000002,11.866666666666667,10.892857142857142
Arsenal,11,a,0.268025,3.97374,0.268025,3.97374,0,13,0,4,0.006699999999999999,l,0,0,1,0,-3.7057149999999996,28.133333333333333,6.774193548387097
Arsenal,12,h,2.84493,0.185383,2.84493,0.185383,13,4,2,0,2.91,w,1,0,0,3,2.6595470000000003,7.037037037037037,16.736842105263158
Arsenal,13,a,1.16638,1.85597,1.16638,1.0948,4,9,2,3,0.8204,l,0,0,1,0,0.07157999999999998,11.647058823529411,14.85
Arsenal,14,a,1.05723,1.06108,1.05723,1.06108,8,5,1,2,1.3465,l,0,0,1,0,-0.003850000000000131,9.0,15.434782608695652
Arsenal,15,h,2.08429,0.502215,2.08429,0.502215,7,2,3,0,2.5278,w,1,0,0,3,1.5820750000000001,21.375,20.0
Arsenal,16,h,2.81482,0.338855,2.05365,0.338855,13,0,2,0,2.8489,w,1,0,0,3,1.714795,9.090909090909092,13.444444444444445
Arsenal,17,a,3.69008,1.31408,3.69008,0.55291,14,7,4,1,2.6982999999999997,w,1,0,0,3,3.1371700000000002,7.483870967741935,14.125
Arsenal,18,a,2.87539,0.154212,2.11422,0.154212,10,1,5,0,2.9385,w,1,0,0,3,1.960008,9.5625,13.88
Arsenal,19,h,0.836949,1.94623,0.836949,1.18506,4,8,1,2,0.4979,l,0,0,1,0,-0.34811099999999995,13.12,7.0
Arsenal,20,h,1.35507,0.388963,1.35507,0.388963,11,5,0,0,2.1715,d,0,1,0,1,0.966107,6.0,24.785714285714285
Arsenal,21,a,1.45247,0.641359,1.45247,0.641359,9,2,1,0,2.1926,w,1,0,0,3,0.8111109999999999,15.75,9.052631578947368
Arsenal,22,h,1.52247,0.640726,1.52247,0.640726,3,4,2,1,2.0689,w,1,0,0,3,0.881744,7.304347826086956,24.1
Arsenal,23,h,2.50961,1.10934,2.50961,1.10934,23,2,2,1,2.2782,w,1,0,0,3,1.40027,9.26923076923077,12.857142857142858
Arsenal,24,a,1.00457,1.29603,1.00457,1.29603,10,6,3,2,1.1300000000000001,w,1,0,0,3,-0.29146000000000005,7.193548387096774,15.333333333333334
Arsenal,25,h,2.93665,0.54911,2.17548,0.54911,9,6,2,0,2.7911,w,1,0,0,3,1.6263699999999999,22.625,16.473684210526315
Arsenal,26,h,0.534265,1.27681,0.534265,1.27681,1,4,0,2,0.5846,l,0,0,1,0,-0.742545,16.25,11.68
Arsenal,27,a,1.14522,0.309375,1.14522,0.309375,11,3,1,0,2.1957,w,1,0,0,3,0.835845,13.666666666666666,21.571428571428573
Newcastle United,0,h,1.67926,3.00939,1.67926,2.09241,5,10,2,4,0.5491,l,0,0,1,0,-0.41315000000000013,24.5,11.619047619047619
Newcastle United,1,a,0.63163,1.18426,0.63163,0.423091,4,5,0,2,0.7396,l,0,0,1,0,0.20853900000000003,8.823529411764707,14.428571428571429
Newcastle United,2,h,1.19077,3.46036,1.19077,2.69919,6,10,2,2,0.1282,d,0,1,0,1,-1.50842,9.75,7.705882352941177
Newcastle United,3,a,0.622042,2.77326,0.622042,2.77326,1,11,1,4,0.1559,l,0,0,1,0,-2.151218,36.42857142857143,8.583333333333334
Newcastle United,4,h,1.17668,1.42995,1.17668,1.42995,10,13,1,1,1.1684,d,0,1,0,1,-0.2532700000000001,16.9,5.538461538461538
Newcastle United,5,a,2.52338,0.904061,2.52338,0.904061,4,3,1,1,2.4503,d,0,1,0,1,1.619319,8.0,5.379310344827586
Newcastle United,6,a,0.865217,1.15849,0.865217,1.15849,1,3,1,2,1.0173999999999999,l,0,0,1,0,-0.293273,13.142857142857142,10.666666666666666
Newcastle United,7,h,0.645658,1.55008,0.645658,1.55008,3,10,2,3,0.5596,l,0,0,1,0,-0.904422,11.5625,9.15
Newcastle United,8,a,0.721813,2.25588,0.721813,2.25588,4,9,1,1,0.3356,d,0,1,0,1,-1.5340669999999998,25.666666666666668,5.117647058823529
Newcastle United,9,h,0.157616,2.16608,0.157616,1.40491,0,14,0,3,0.0815,l,0,0,1,0,-1.2472940000000001,21.066666666666666,3.8947368421052633
Newcastle United,10,a,0.227321,1.43123,0.227321,0.670063,1,6,1,1,0.2857,d,0,1,0,1,-0.44274199999999997,20.3,7.0344827586206895
Newcastle United,11,h,2.18388,1.23275,2.18388,1.23275,8,6,3,3,2.0484999999999998,d,0,1,0,1,0.9511299999999998,7.7,7.65
Newcastle United,12,a,0.185383,2.84493,0.185383,2.84493,4,13,0,2,0.0531,l,0,0,1,0,-2.6595470000000003,16.736842105263158,7.037037037037037
Newcastle United,13,h,1.15636,1.51084,0.395187,1.51084,2,8,1,1,1.0794,d,0,1,0,1,-1.115653,36.625,4.923076923076923
Newcastle United,14,h,1.70609,0.604599,1.70609,0.604599,4,6,1,0,2.2519,w,1,0,0,3,1.1014910000000002,16.25,6.666666666666667
Newcastle United,15,a,0.511934,2.05771,0.511934,1.29654,7,8,0,4,0.2635,l,0,0,1,0,-0.784606,7.387096774193548,12.166666666666666
Newcastle United,16,a,0.2064,2.93912,0.2064,2.93912,2,14,1,3,0.033,l,0,0,1,0,-2.73272,35.3,5.12
Newcastle United,17,h,0.174208,3.64686,0.174208,3.64686,5,11,0,4,0.012,l,0,0,1,0,-3.472652,23.263157894736842,9.588235294117647
Newcastle United,18,h,1.26586,1.75587,1.26586,1.75587,5,4,1,1,0.9808000000000001,d,0,1,0,1,-0.49001000000000006,14.181818181818182,5.588235294117647
Newcastle United,19,h,1.03855,1.49623,1.03855,1.49623,4,7,1,1,1.0046,d,0,1,0,1,-0.45767999999999986,7.34375,10.238095238095237
Newcastle United,20,a,1.15904,1.12992,1.15904,1.12992,9,11,1,0,1.3516,w,1,0,0,3,0.029120000000000035,13.210526315789474,6.105263157894737
Newcastle United,21,h,2.68732,0.823607,2.68732,0.823607,3,1,3,1,2.6226,w,1,0,0,3,1.8637130000000002,6.948717948717949,5.32
Newcastle United,22,h,0.527571,0.455206,0.527571,0.455206,2,5,1,0,1.3447,w,1,0,0,3,0.07236500000000001,6.757575757575758,3.9615384615384617
Newcastle United,23,a,0.932574,0.847948,0.932574,0.847948,9,7,1,1,1.4255,d,0,1,0,1,0.08462599999999998,12.0625,23.4
Newcastle United,24,a,2.25373,0.494232,2.25373,0.494232,8,5,2,0,2.5512,w,1,0,0,3,1.759498,5.631578947368421,11.619047619047619
Newcastle United,25,h,1.58028,1.64995,1.58028,1.64995,2,12,2,1,1.2952,w,1,0,0,3,-0.06967000000000012,17.58823529411765,7.388888888888889
Newcastle United,26,a,0.812233,1.79835,0.812233,1.79835,5,8,2,1,0.5851999999999999,w,1,0,0,3,-0.9861169999999999,14.636363636363637,8.11111111111111
Newcastle United,27,a,0.246037,1.07072,0.246037,1.07072,1,6,0,1,0.5145,l,0,0,1,0,-0.8246829999999998,14.666666666666666,4.0
Newcastle United,28,a,0.75803,0.708809,0.75803,0.708809,10,4,0,1,1.3339,l,0,0,1,0,0.04922099999999996,7.176470588235294,10.636363636363637
Liverpool,0,a,1.78728,1.3333,1.78728,1.3333,13,3,3,0,1.7064,w,1,0,0,3,0.45398000000000005,11.580645161290322,25.666666666666668
Liverpool,1,h,2.63945,0.690464,2.63945,0.690464,8,3,2,0,2.5683,w,1,0,0,3,1.948986,7.0,12.727272727272727
Liverpool,2,h,2.08462,0.573638,1.32345,0.573638,6,4,1,1,2.4875,d,0,1,0,1,0.749812,7.275862068965517,28.09090909090909
Liverpool,3,a,4.4016,0.652514,4.4016,0.652514,15,8,3,0,2.9307,w,1,0,0,3,3.749086,16.8,38.0
Liverpool,4,h,2.76793,0.644168,2.76793,0.644168,8,8,3,0,2.7229,w,1,0,0,3,2.1237619999999997,5.166666666666667,20.333333333333332
Liverpool,5,a,2.25736,2.94058,2.25736,2.94058,12,4,3,3,0.9266,d,0,1,0,1,-0.6832200000000004,6.705882352941177,23.7
Liverpool,6,h,0.949368,1.04319,0.949368,1.04319,7,11,2,2,1.2774,d,0,1,0,1,-0.09382200000000007,10.483870967741936,29.3
Liverpool,7,a,3.65553,0.302302,3.65553,0.302302,10,5,5,0,2.9688000000000003,w,1,0,0,3,3.353228,4.88,45.09090909090909
Liverpool,8,a,4.04765,1.35584,4.04765,1.35584,13,7,5,0,2.7818,w,1,0,0,3,2.6918100000000003,8.23076923076923,60.714285714285715
Liverpool,9,h,1.39778,1.51032,1.39778,1.51032,11,4,2,2,1.2456,d,0,1,0,1,-0.11254000000000008,11.826086956521738,26.4
Liverpool,10,a,1.45641,1.25298,1.45641,1.25298,16,3,2,3,1.5019,l,0,0,1,0,0.20343,6.636363636363637,20.6
Liverpool,11,h,3.97374,0.268025,3.97374,0.268025,13,0,4,0,2.9878,w,1,0,0,3,3.7057149999999996,6.774193548387097,28.133333333333333
Liverpool,12,h,3.07278,0.966132,3.07278,0.966132,14,2,4,0,2.6828000000000003,w,1,0,0,3,2.106648,9.61111111111111,15.217391304347826
Liverpool,13,a,2.86067,0.512263,2.86067,0.512263,10,1,4,1,2.786,w,1,0,0,3,2.348407,4.461538461538462,15.636363636363637
Liverpool,14,a,2.42332,0.095167,2.42332,0.095167,16,1,1,0,2.8788,w,1,0,0,3,2.328153,7.333333333333333,39.625
Liverpool,15,h,2.71181,0.140573,1.95064,0.140573,15,4,1,0,2.9112,w,1,0,0,3,1.8100669999999999,5.233333333333333,24.727272727272727
Liverpool,16,h,2.93912,0.2064,2.93912,0.2064,14,2,3,1,2.9406000000000003,w,1,0,0,3,2.73272,5.12,35.3
Liverpool,17,a,1.54944,2.79777,1.54944,2.79777,13,11,2,2,0.5444,d,0,1,0,1,-1.24833,6.638888888888889,21.181818181818183
Liverpool,18,a,2.72682,0.615892,1.86362,0.615892,22,6,0,1,2.7552999999999996,l,0,0,1,0,1.247728,6.0,18.583333333333332
Liverpool,19,a,1.78897,1.389,1.78897,1.389,4,8,2,2,1.6882000000000001,d,0,1,0,1,0.39996999999999994,12.36,8.833333333333334
Liverpool,20,h,3.49099,0.376656,3.49099,0.376656,11,5,3,0,2.9013999999999998,w,1,0,0,3,3.114334,8.823529411764707,15.15
Liverpool,21,a,1.49697,1.62615,0.735802,1.62615,11,5,3,1,1.2296999999999998,w,1,0,0,3,-0.890348,13.571428571428571,10.88888888888889
Liverpool,22,h,2.72997,0.544954,2.72997,0.544954,12,5,2,0,2.7248,w,1,0,0,3,2.1850159999999996,4.523809523809524,23.666666666666668
Liverpool,23,a,1.95722,1.16081,1.95722,1.16081,6,1,1,0,2.1237999999999997,w,1,0,0,3,0.7964100000000001,8.1,13.62962962962963
Liverpool,24,h,3.15449,0.66975,3.15449,0.66975,21,5,3,1,2.7498,w,1,0,0,3,2.48474,7.681818181818182,25.428571428571427
Liverpool,25,h,5.3303,0.141547,3.80797,0.141547,13,3,6,0,2.9976000000000003,w,1,0,0,3,3.666423,11.272727272727273,25.58823529411765
Liverpool,26,h,2.18865,1.33829,2.18865,1.33829,13,3,1,0,1.9755999999999998,w,1,0,0,3,0.85036,10.555555555555555,34.0
Liverpool,27,a,2.48312,0.629316,1.72195,0.629316,15,4,2,0,2.6037,w,1,0,0,3,1.092634,9.923076923076923,11.529411764705882
Liverpool,28,a,1.27681,0.534265,1.27681,0.534265,4,1,2,0,2.1236,w,1,0,0,3,0.742545,11.68,16.25
Manchester City,0,a,2.10585,1.06014,2.10585,1.06014,8,5,0,1,2.1266000000000003,l,0,0,1,0,1.0457100000000001,6.136363636363637,17.294117647058822
Manchester City,1,h,2.43928,0.0250088,2.43928,0.0250088,16,0,5,0,2.9245,w,1,0,0,3,2.4142712,7.617647058823529,27.583333333333332
Manchester City,2,h,4.47273,0.116805,4.47273,0.116805,14,0,5,0,2.9882999999999997,w,1,0,0,3,4.355925,5.055555555555555,52.142857142857146
Manchester City,3,a,2.75058,0.8001,2.75058,0.8001,14,6,1,0,2.5934,w,1,0,0,3,1.9504799999999998,9.461538461538462,77.75
Manchester City,4,h,1.22451,0.490923,1.22451,0.490923,6,6,0,0,1.9761,d,0,1,0,1,0.733587,11.533333333333333,16.5
Manchester City,5,a,1.69244,0.194202,1.69244,0.194202,9,4,1,0,2.5655,w,1,0,0,3,1.498238,9.133333333333333,21.4375
Manchester City,6,a,1.04319,0.949368,1.04319,0.949368,11,7,2,2,1.4001000000000001,d,0,1,0,1,0.09382200000000007,29.3,10.483870967741936
Manchester City,7,h,2.15712,1.07719,2.15712,1.07719,18,6,2,0,2.223,w,1,0,0,3,1.0799299999999998,8.529411764705882,23.466666666666665
Manchester City,8,a,3.57376,1.1695,3.57376,0.408335,10,7,4,1,2.7781000000000002,w,1,0,0,3,3.165425,23.785714285714285,9.793103448275861
Manchester City,9,h,0.65739,1.05029,0.65739,1.05029,12,5,0,2,0.9416,l,0,0,1,0,-0.3928999999999999,7.2,16.68421052631579
Manchester City,10,a,2.04202,0.759561,2.04202,0.759561,8,0,2,0,2.3672999999999997,w,1,0,0,3,1.2824589999999998,10.304347826086957,23.470588235294116
Manchester City,11,h,2.61302,0.266894,2.61302,0.266894,14,3,3,0,2.8228000000000004,w,1,0,0,3,2.346126,6.833333333333333,58.0
Manchester City,12,h,2.72187,0.171763,2.72187,0.171763,9,5,2,1,2.8989,w,1,0,0,3,2.550107,7.333333333333333,23.88235294117647
Manchester City,13,a,1.01897,0.772083,1.01897,0.772083,9,4,2,1,1.5287,w,1,0,0,3,0.24688699999999997,8.727272727272727,15.1
Manchester City,14,a,4.03223,0.675105,4.03223,0.675105,27,2,3,1,2.8824,w,1,0,0,3,3.3571250000000004,6.235294117647059,32.13333333333333
Manchester City,15,h,2.99915,0.0762839,2.23799,0.0762839,23,1,1,0,2.9398,w,1,0,0,3,2.1617061,6.25,47.42857142857143
Manchester City,16,h,3.31349,0.227498,3.31349,0.227498,14,2,7,0,2.9211,w,1,0,0,3,3.0859919999999996,11.65,27.0
Manchester City,17,a,3.64686,0.174208,3.64686,0.174208,11,5,4,0,2.9772000000000003,w,1,0,0,3,3.472652,9.588235294117647,23.263157894736842
Manchester City,18,h,3.82869,2.43425,2.30635,2.43425,12,6,6,3,2.28,w,1,0,0,3,-0.1278999999999999,8.958333333333334,43.0
Manchester City,19,a,1.01763,0.238829,1.01763,0.238829,6,3,1,0,2.2096,w,1,0,0,3,0.7788010000000001,5.090909090909091,13.090909090909092
Manchester City,20,a,1.94623,0.836949,1.18506,0.836949,8,4,2,1,2.2895000000000003,w,1,0,0,3,0.34811099999999995,7.0,13.12
Manchester City,21,h,0.901703,0.613757,0.901703,0.613757,6,2,1,0,1.5598,w,1,0,0,3,0.28794600000000004,13.347826086956522,16.9
Manchester City,22,a,1.62907,1.00222,1.62907,1.00222,17,1,1,1,1.8553000000000002,d,0,1,0,1,0.6268499999999999,4.9,20.941176470588236
Manchester City,23,h,1.98246,0.461305,1.22129,0.461305,11,3,2,0,2.5501000000000005,w,1,0,0,3,0.7599849999999999,5.2,16.470588235294116
Manchester City,24,a,4.44653,0.356755,3.46024,0.356755,21,5,4,0,2.9874,w,1,0,0,3,3.103485,9.235294117647058,39.111111111111114
Manchester City,25,h,2.31773,2.00235,1.55656,2.00235,22,2,2,3,1.5803000000000003,l,0,0,1,0,-0.4457899999999999,8.541666666666666,62.0
Manchester City,26,a,1.93422,0.770819,1.93422,0.770819,10,6,1,0,2.3489999999999998,w,1,0,0,3,1.163401,6.0,16.136363636363637
Manchester City,27,h,2.74434,0.361782,2.74434,0.361782,15,6,4,1,2.8181,w,1,0,0,3,2.382558,6.433333333333334,22.80952380952381
Manchester City,28,a,2.04021,0.474002,2.04021,0.474002,14,6,0,0,2.5536000000000003,d,0,1,0,1,1.566208,4.290322580645161,32.36363636363637
Manchester United,0,h,1.64248,0.568342,1.64248,0.568342,8,3,5,1,2.2181,w,1,0,0,3,1.074138,12.590909090909092,7.242424242424242
Manchester United,1,a,2.26173,0.587526,2.26173,0.587526,11,3,1,1,2.58,d,0,1,0,1,1.674204,9.066666666666666,8.870967741935484
Manchester United,2,a,0.944083,1.79575,0.944083,1.79575,8,6,1,0,0.6585000000000001,w,1,0,0,3,-0.851667,9.153846153846153,24.642857142857142
Manchester United,3,h,2.77326,0.622042,2.77326,0.622042,11,1,4,1,2.7596,w,1,0,0,3,2.151218,8.583333333333334,36.42857142857143
Manchester United,4,a,1.8954,1.6671,1.8954,0.905935,7,7,2,1,1.5157,w,1,0,0,3,0.9894649999999999,12.555555555555555,16.8
Manchester United,5,h,1.9251,1.57249,1.16393,1.57249,5,6,0,1,1.6249,l,0,0,1,0,-0.40856000000000003,6.277777777777778,9.409090909090908
Manchester United,6,h,1.0496,1.32211,1.0496,1.32211,12,2,1,1,1.123,d,0,1,0,1,-0.2725099999999998,8.133333333333333,19.8125
Manchester United,7,a,1.02494,2.96611,1.02494,2.96611,4,10,2,4,0.2643,l,0,0,1,0,-1.94117,12.346153846153847,13.285714285714286
Manchester United,8,h,1.35584,4.04765,1.35584,4.04765,7,13,0,5,0.1523,l,0,0,1,0,-2.6918100000000003,60.714285714285715,8.23076923076923
Manchester United,9,a,1.38612,1.15787,1.38612,1.15787,9,3,3,0,1.5243,w,1,0,0,3,0.22825000000000006,10.275862068965518,7.172413793103448
Manchester United,10,h,0.759561,2.04202,0.759561,2.04202,0,8,0,2,0.44189999999999996,l,0,0,1,0,-1.2824589999999998,23.470588235294116,10.304347826086957
Manchester United,11,a,1.66794,2.73393,1.66794,1.97277,9,7,1,4,0.7023,l,0,0,1,0,-0.30482999999999993,24.4,13.037037037037036
Manchester United,12,a,0.563367,2.34525,0.563367,1.58408,2,5,1,1,0.21699999999999997,d,0,1,0,1,-1.020713,16.7,5.375
Manchester United,13,h,1.85597,1.16638,1.0948,1.16638,9,4,3,2,1.9234999999999998,w,1,0,0,3,-0.07157999999999998,14.85,11.647058823529411
Manchester United,14,h,0.870376,0.520593,0.870376,0.520593,13,3,1,0,1.6221999999999999,w,1,0,0,3,0.34978300000000007,7.0,14.866666666666667
Manchester United,15,a,2.09817,0.986107,1.337,0.986107,9,8,1,0,2.2566,w,1,0,0,3,0.350893,8.551724137931034,24.7
Manchester United,16,a,1.75587,1.26586,1.75587,1.26586,4,5,1,1,1.7344,d,0,1,0,1,0.49001000000000006,5.588235294117647,14.181818181818182
Manchester United,17,h,1.80776,0.871738,1.80776,0.871738,6,6,3,1,2.0819,w,1,0,0,3,0.936022,20.2,11.857142857142858
Manchester United,18,h,0.768752,0.840925,0.768752,0.840925,3,7,0,1,1.2470999999999999,l,0,0,1,0,-0.07217300000000004,14.058823529411764,14.11111111111111
Manchester United,19,a,1.35378,1.82784,1.35378,1.82784,4,12,2,2,0.9864999999999999,d,0,1,0,1,-0.4740599999999999,10.655172413793103,14.368421052631579
Manchester United,20,a,2.05969,2.081,2.05969,2.081,6,8,3,1,1.3777,w,1,0,0,3,-0.021310000000000162,12.0625,10.52
Manchester United,21,h,1.75857,0.238027,1.75857,0.238027,12,3,1,0,2.738,w,1,0,0,3,1.520543,12.052631578947368,11.84
Manchester United,22,a,1.83387,0.772721,1.83387,0.772721,14,5,1,1,2.1767000000000003,d,0,1,0,1,1.061149,7.625,12.19047619047619
Manchester United,23,h,2.99207,0.677386,2.99207,0.677386,8,7,1,1,2.789,d,0,1,0,1,2.3146839999999997,10.608695652173912,9.068965517241379
Manchester United,24,h,2.74936,1.26179,2.74936,1.26179,8,4,2,0,2.3247,w,1,0,0,3,1.4875699999999998,12.48,9.36
Manchester United,25,a,2.60999,1.74476,2.60999,1.74476,12,6,4,2,1.9773999999999998,w,1,0,0,3,0.8652299999999997,8.310344827586206,5.133333333333334
Manchester United,26,h,2.41457,0.437185,2.41457,0.437185,11,1,0,0,2.6788999999999996,d,0,1,0,1,1.977385,9.11111111111111,15.380952380952381
Manchester United,27,a,0.361782,2.74434,0.361782,2.74434,6,15,1,4,0.1121,l,0,0,1,0,-2.382558,22.80952380952381,6.433333333333334
Manchester United,28,h,1.0181,1.62374,1.0181,0.862572,5,12,3,2,0.8264999999999999,w,1,0,0,3,0.155528,27.0,11.380952380952381
Watford,0,h,1.35036,1.13718,1.35036,0.376011,4,6,3,2,1.4836,w,1,0,0,3,0.974349,14.428571428571429,6.5
Watford,1,a,0.407224,1.77896,0.407224,1.77896,6,7,0,2,0.32509999999999994,l,0,0,1,0,-1.371736,25.866666666666667,12.666666666666666
Watford,2,a,0.596016,0.920963,0.596016,0.920963,4,16,0,1,1.0348,l,0,0,1,0,-0.324947,19.25,11.523809523809524
Watford,3,h,0.185407,2.55922,0.185407,2.55922,3,7,0,2,0.0432,l,0,0,1,0,-2.3738129999999997,14.047619047619047,7.225806451612903
Watford,4,a,2.42487,0.782665,2.42487,0.782665,7,12,3,1,2.5006,w,1,0,0,3,1.6422049999999997,10.4,8.074074074074074
Watford,5,h,0.904061,2.52338,0.904061,2.52338,3,4,1,1,0.4043,d,0,1,0,1,-1.619319,5.379310344827586,8.0
Watford,6,a,0.192794,1.57388,0.192794,1.57388,4,9,0,1,0.2994,l,0,0,1,0,-1.381086,13.857142857142858,6.75
Watford,7,h,0.302302,3.65553,0.302302,3.65553,5,10,0,5,0.0189,l,0,0,1,0,-3.353228,45.09090909090909,4.88
Watford,8,a,3.10344,1.84089,3.10344,1.84089,6,12,5,2,2.2206,w,1,0,0,3,1.26255,13.428571428571429,10.68421052631579
Watford,9,h,0.852556,1.90757,0.852556,1.90757,4,11,0,1,0.5717,l,0,0,1,0,-1.055014,10.038461538461538,7.052631578947368
Watford,10,a,0.491659,1.49208,0.491659,0.730909,1,7,0,1,0.4729,l,0,0,1,0,-0.23925000000000002,10.892857142857142,11.866666666666667
Watford,11,h,2.73393,1.66794,1.97277,1.66794,7,9,4,1,2.0904000000000003,w,1,0,0,3,0.30482999999999993,13.037037037037036,24.4
Watford,12,a,2.38383,2.16027,1.62266,2.16027,4,8,2,4,1.5234,l,0,0,1,0,-0.5376100000000001,5.0,11.8
Watford,13,h,0.990877,0.908574,0.990877,0.908574,7,7,1,2,1.3971,l,0,0,1,0,0.08230300000000002,6.9655172413793105,7.875
Watford,14,h,0.675105,4.03223,0.675105,4.03223,2,27,1,3,0.0801,l,0,0,1,0,-3.3571250000000004,32.13333333333333,6.235294117647059
Watford,15,a,0.561554,1.82799,0.561554,1.06682,2,6,1,2,0.38450000000000006,l,0,0,1,0,-0.5052660000000001,10.217391304347826,4.103448275862069
Watford,16,h,1.0143,2.84084,1.0143,2.07967,3,6,1,4,0.3019,l,0,0,1,0,-1.0653700000000002,9.043478260869565,4.724137931034483
Watford,17,h,0.303514,1.93752,0.303514,1.93752,0,20,0,1,0.2414,l,0,0,1,0,-1.6340059999999998,31.77777777777778,5.64
Watford,18,a,1.49623,1.03855,1.49623,1.03855,7,4,1,1,1.7258,d,0,1,0,1,0.45767999999999986,10.238095238095237,7.34375
Watford,19,h,1.30606,0.925212,1.30606,0.925212,9,2,0,3,1.6481000000000001,l,0,0,1,0,0.38084799999999996,5.090909090909091,8.25
Watford,20,a,0.933965,0.765905,0.933965,0.765905,9,5,0,0,1.4773,d,0,1,0,1,0.1680600000000001,9.19047619047619,8.31578947368421
Watford,21,a,0.335474,0.905143,0.335474,0.905143,5,9,0,1,0.6828,l,0,0,1,0,-0.569669,22.8,7.7368421052631575
Watford,22,h,0.532979,1.80456,0.532979,1.80456,5,5,0,2,0.35719999999999996,l,0,0,1,0,-1.2715809999999999,10.8,5.703703703703703
Watford,23,a,1.82051,1.0267,1.82051,1.0267,4,18,1,0,2.0503,w,1,0,0,3,0.7938100000000001,21.857142857142858,9.0
Watford,24,h,1.71917,0.818403,1.71917,0.818403,4,2,1,4,2.1715999999999998,l,0,0,1,0,0.9007670000000001,26.76923076923077,10.92
Watford,25,a,0.437185,2.41457,0.437185,2.41457,1,11,0,0,0.2111,d,0,1,0,1,-1.977385,15.380952380952381,9.11111111111111
Watford,26,h,1.29603,1.00457,1.29603,1.00457,6,10,2,3,1.5877999999999999,l,0,0,1,0,0.29146000000000005,15.333333333333334,7.193548387096774
Watford,27,a,0.498696,1.55037,0.498696,1.55037,4,5,0,4,0.5077,l,0,0,1,0,-1.051674,31.2,9.0
Watford,28,a,1.29385,1.25696,1.29385,1.25696,5,5,2,1,1.3639,w,1,0,0,3,0.03688999999999987,13.823529411764707,6.555555555555555
Burnley,0,h,1.79548,1.6853,1.79548,1.6853,3,7,1,2,1.4559000000000002,l,0,0,1,0,0.11017999999999994,17.88888888888889,7.933333333333334
Burnley,1,a,0.690464,2.63945,0.690464,2.63945,3,8,0,2,0.29879999999999995,l,0,0,1,0,-1.948986,12.727272727272727,7.0
Burnley,2,h,1.71102,1.52078,1.71102,1.52078,2,9,1,1,1.5185,d,0,1,0,1,0.19023999999999996,14.416666666666666,8.133333333333333
Burnley,3,a,1.82061,1.80386,1.82061,1.80386,4,7,1,3,1.404,l,0,0,1,0,0.016750000000000043,10.85,11.9375
Burnley,4,h,0.775574,1.09928,0.775574,1.09928,9,7,0,1,1.0198,l,0,0,1,0,-0.32370600000000005,12.695652173913043,10.823529411764707
Burnley,5,a,0.428866,2.16233,0.428866,2.16233,9,17,2,2,0.2818,d,0,1,0,1,-1.733464,14.08695652173913,9.076923076923077
Burnley,6,h,0.584725,0.673617,0.584725,0.673617,6,9,0,0,1.1850999999999998,d,0,1,0,1,-0.08889199999999997,7.6923076923076925,16.166666666666668
Burnley,7,a,1.07719,2.15712,1.07719,2.15712,6,18,0,2,0.5535,l,0,0,1,0,-1.0799299999999998,23.466666666666665,8.529411764705882
Burnley,8,a,0.673195,1.42567,0.673195,1.42567,4,6,2,2,0.7062999999999999,d,0,1,0,1,-0.752475,9.727272727272727,6.333333333333333
Burnley,9,h,2.72901,0.834312,2.72901,0.834312,2,2,3,1,2.609,w,1,0,0,3,1.894698,16.263157894736842,9.210526315789474
Burnley,10,a,0.674072,3.00585,0.674072,3.00585,5,16,1,1,0.1748,d,0,1,0,1,-2.331778,15.904761904761905,13.6
Burnley,11,h,1.04224,1.74839,1.04224,1.74839,5,9,3,3,0.8682000000000001,d,0,1,0,1,-0.70615,11.782608695652174,17.875
Burnley,12,a,0.195537,0.711691,0.195537,0.711691,6,5,0,0,0.7197,d,0,1,0,1,-0.516154,14.0,7.0
Burnley,13,a,0.604599,1.70609,0.604599,1.70609,6,4,0,1,0.5245,l,0,0,1,0,-1.1014910000000002,6.666666666666667,16.25
Burnley,14,h,0.54801,0.998813,0.54801,0.998813,3,8,0,0,0.9123,d,0,1,0,1,-0.45080299999999995,11.411764705882353,7.176470588235294
Burnley,15,a,0.871738,1.80776,0.871738,1.80776,6,6,1,3,0.6896,l,0,0,1,0,-0.936022,11.857142857142858,20.2
Burnley,16,a,0.960493,2.04186,0.960493,2.04186,2,8,1,3,0.6182,l,0,0,1,0,-1.0813669999999997,8.619047619047619,6.166666666666667
Burnley,17,a,0.388963,1.35507,0.388963,1.35507,5,11,0,0,0.5587,d,0,1,0,1,-0.966107,24.785714285714285,6.0
Burnley,18,h,0.765905,0.933965,0.765905,0.933965,5,9,0,0,1.1766999999999999,d,0,1,0,1,-0.1680600000000001,8.31578947368421,9.19047619047619
Burnley,19,h,0.772721,1.83387,0.772721,1.83387,5,14,1,1,0.5867,d,0,1,0,1,-1.061149,12.19047619047619,7.625
Burnley,20,h,1.16081,1.95722,1.16081,1.95722,1,6,0,1,0.6067,l,0,0,1,0,-0.7964100000000001,13.62962962962963,8.1
Burnley,21,a,0.821228,0.44587,0.821228,0.44587,2,6,3,0,1.6996000000000002,w,1,0,0,3,0.37535799999999997,13.695652173913043,5.15
Burnley,22,h,1.55576,0.691655,1.55576,0.691655,3,11,1,0,2.1451,w,1,0,0,3,0.864105,12.1,9.5
Burnley,23,a,0.255988,1.03765,0.255988,1.03765,2,7,1,1,0.546,d,0,1,0,1,-0.781662,8.333333333333334,21.625
Burnley,24,h,1.04214,1.79558,1.04214,1.79558,6,7,0,2,0.8051999999999999,l,0,0,1,0,-0.7534399999999999,8.0,7.9523809523809526
Burnley,25,h,0.849232,2.2868,0.849232,2.2868,4,6,0,4,0.3016,l,0,0,1,0,-1.437568,16.133333333333333,10.0
Burnley,26,a,0.825311,1.82002,0.825311,1.05885,7,4,0,2,0.5667,l,0,0,1,0,-0.23353900000000005,16.866666666666667,12.23076923076923
Brighton,0,a,1.6853,1.79548,1.6853,1.79548,7,3,2,1,1.2564000000000002,w,1,0,0,3,-0.11017999999999994,7.933333333333334,17.88888888888889
Brighton,1,h,1.77896,0.407224,1.77896,0.407224,7,6,2,0,2.5067,w,1,0,0,3,1.371736,12.666666666666666,25.866666666666667
Brighton,2,h,0.701622,1.54868,0.701622,0.787544,9,3,0,2,0.6414,l,0,0,1,0,-0.08592200000000005,7.0,14.25925925925926
Brighton,3,a,0.287902,0.729786,0.287902,0.729786,6,3,1,0,0.8029999999999999,w,1,0,0,3,-0.44188400000000005,6.615384615384615,10.125
Brighton,4,h,1.47438,1.25373,0.71321,1.25373,6,12,2,1,1.5399,w,1,0,0,3,-0.54052,13.761904761904763,8.857142857142858
Brighton,5,a,0.649566,1.36836,0.649566,0.607196,5,4,1,1,0.6482,d,0,1,0,1,0.04237000000000002,11.043478260869565,17.38095238095238
Brighton,6,h,1.11551,0.36431,1.11551,0.36431,9,7,0,0,1.987,d,0,1,0,1,0.7512,8.75,30.125
Brighton,7,a,1.17572,1.16088,1.17572,1.16088,15,6,0,0,1.3659,d,0,1,0,1,0.014840000000000186,5.913043478260869,24.0
Brighton,8,h,1.1695,3.57376,0.408335,3.57376,7,10,1,4,0.1408,l,0,0,1,0,-3.165425,9.793103448275861,23.785714285714285
Brighton,9,a,1.51032,1.39778,1.51032,1.39778,4,11,2,2,1.4754,d,0,1,0,1,0.11254000000000008,26.4,11.826086956521738
Brighton,10,h,1.43123,0.227321,0.670063,0.227321,6,1,1,1,2.5305999999999997,d,0,1,0,1,0.44274199999999997,7.0344827586206895,20.3
Brighton,11,a,0.582787,1.06946,0.582787,1.06946,4,6,0,2,0.8714999999999999,l,0,0,1,0,-0.486673,7.590909090909091,17.818181818181817
Brighton,12,h,1.90498,0.864829,1.90498,0.864829,13,6,0,0,2.1563000000000003,d,0,1,0,1,1.0401509999999998,9.238095238095237,6.837837837837838
Brighton,13,a,1.2607,1.14679,1.2607,1.14679,10,5,1,1,1.428,d,0,1,0,1,0.11390999999999996,3.5357142857142856,13.375
Brighton,14,a,1.4872,1.34236,1.4872,1.34236,6,8,1,1,1.5093,d,0,1,0,1,0.14484000000000008,4.24,8.652173913043478
Brighton,15,h,1.20118,1.11736,1.20118,1.11736,2,3,0,1,1.4464,l,0,0,1,0,0.08382,6.333333333333333,17.933333333333334
Brighton,16,h,0.943363,1.10342,0.943363,1.10342,7,7,2,0,1.1899,w,1,0,0,3,-0.16005700000000012,10.32,12.631578947368421
Brighton,17,a,0.78663,0.763458,0.78663,0.763458,11,10,1,1,1.3281,d,0,1,0,1,0.02317200000000008,12.625,9.222222222222221
Brighton,18,a,1.48397,1.82698,1.48397,1.06581,8,5,3,2,1.0883,w,1,0,0,3,0.4181600000000001,8.08695652173913,11.31578947368421
Brighton,19,h,2.18053,0.509681,1.41937,0.509681,11,4,1,1,2.6221,d,0,1,0,1,0.909689,5.321428571428571,24.583333333333332
Brighton,20,h,0.747557,0.572994,0.747557,0.572994,13,11,1,1,1.5013,d,0,1,0,1,0.17456300000000002,14.217391304347826,13.125
Brighton,21,a,1.19738,1.70979,1.19738,1.70979,8,10,1,1,0.9332,d,0,1,0,1,-0.5124099999999998,10.217391304347826,16.72222222222222
Brighton,22,a,1.80456,0.532979,1.80456,0.532979,5,5,2,0,2.4593000000000003,w,1,0,0,3,1.2715809999999999,5.703703703703703,10.8
Brighton,23,a,1.26179,2.74936,1.26179,2.74936,4,8,0,2,0.4998,l,0,0,1,0,-1.4875699999999998,9.36,12.48
Brighton,24,h,0.44587,0.821228,0.44587,0.821228,6,2,0,3,0.9099999999999999,l,0,0,1,0,-0.37535799999999997,5.15,13.695652173913043
Brighton,25,h,0.627107,1.3027,0.627107,1.3027,5,4,0,2,0.7048,l,0,0,1,0,-0.675593,6.28,16.7
Brighton,26,a,1.64995,1.58028,1.64995,1.58028,12,2,1,2,1.4047,l,0,0,1,0,0.06967000000000012,7.388888888888889,17.58823529411765
Brighton,27,h,0.629316,2.48312,0.629316,1.72195,4,15,0,2,0.2673,l,0,0,1,0,-1.092634,11.529411764705882,9.923076923076923
Brighton,28,h,1.04171,2.05196,1.04171,2.05196,6,4,0,2,0.6984,l,0,0,1,0,-1.0102499999999999,10.612903225806452,17.0
Wolverhampton Wanderers,0,a,1.32714,0.668082,1.32714,0.668082,7,6,0,1,1.9451,l,0,0,1,0,0.659058,20.263157894736842,11.5
Wolverhampton Wanderers,1,h,1.51127,1.72636,1.51127,0.965189,9,6,0,1,1.1373000000000002,l,0,0,1,0,0.5460809999999999,7.37037037037037,13.764705882352942
Wolverhampton Wanderers,2,h,1.79575,0.944083,1.79575,0.944083,6,8,0,1,2.0745,l,0,0,1,0,0.851667,24.642857142857142,9.153846153846153
Wolverhampton Wanderers,3,a,2.55922,0.185407,2.55922,0.185407,7,3,2,0,2.9238,w,1,0,0,3,2.3738129999999997,7.225806451612903,14.047619047619047
Wolverhampton Wanderers,4,h,1.02316,2.32741,1.02316,1.56627,4,3,0,2,0.40850000000000003,l,0,0,1,0,-0.54311,12.571428571428571,10.782608695652174
Wolverhampton Wanderers,5,a,0.909833,0.909342,0.909833,0.909342,3,7,1,0,1.3647999999999998,w,1,0,0,3,0.0004910000000000192,32.375,8.363636363636363
Wolverhampton Wanderers,6,h,1.15849,0.865217,1.15849,0.865217,3,1,2,1,1.6300000000000001,w,1,0,0,3,0.293273,10.666666666666666,13.142857142857142
Wolverhampton Wanderers,7,a,2.19633,1.21276,2.19633,1.21276,10,7,3,2,2.1291,w,1,0,0,3,0.98357,9.115384615384615,12.6875
Wolverhampton Wanderers,8,a,0.858644,1.71313,0.858644,0.951964,2,4,1,1,0.6571,d,0,1,0,1,-0.09332000000000007,15.555555555555555,3.6
Wolverhampton Wanderers,9,h,1.69344,1.69767,1.69344,1.69767,6,7,2,1,1.3435,w,1,0,0,3,-0.004229999999999956,8.5,13.464285714285714
Wolverhampton Wanderers,10,a,0.25416,2.65161,0.25416,2.65161,2,10,0,2,0.07980000000000001,l,0,0,1,0,-2.3974499999999996,16.047619047619047,6.419354838709677
Wolverhampton Wanderers,11,h,1.31903,0.436331,1.31903,0.436331,5,7,1,0,2.1129,w,1,0,0,3,0.8826989999999999,21.692307692307693,11.714285714285714
Wolverhampton Wanderers,12,a,0.297157,1.4047,0.297157,1.4047,5,9,0,0,0.4192,d,0,1,0,1,-1.1075430000000002,16.0,13.333333333333334
Wolverhampton Wanderers,13,h,0.711691,0.195537,0.711691,0.195537,5,6,0,0,1.8234,d,0,1,0,1,0.516154,7.0,14.0
Wolverhampton Wanderers,14,h,0.095167,2.42332,0.095167,2.42332,1,16,0,1,0.0681,l,0,0,1,0,-2.328153,39.625,7.333333333333333
Wolverhampton Wanderers,15,a,0.0762839,2.99915,0.0762839,2.23799,1,23,0,1,0.0325,l,0,0,1,0,-2.1617061,47.42857142857143,6.25
Wolverhampton Wanderers,16,a,1.11736,1.20118,1.11736,1.20118,3,2,1,0,1.2184,w,1,0,0,3,-0.08382,17.933333333333334,6.333333333333333
Wolverhampton Wanderers,17,h,0.321371,0.793952,0.321371,0.793952,4,11,0,0,0.7828,d,0,1,0,1,-0.472581,33.5,10.416666666666666
Wolverhampton Wanderers,18,a,0.840925,0.768752,0.840925,0.768752,7,3,1,0,1.3995,w,1,0,0,3,0.07217300000000004,14.11111111111111,14.058823529411764
Wolverhampton Wanderers,19,h,2.29917,0.91728,1.538,0.91728,4,8,3,1,2.4564000000000004,w,1,0,0,3,0.62072,9.48,12.846153846153847
Wolverhampton Wanderers,20,a,0.218211,0.742573,0.218211,0.742573,2,6,2,1,0.7401,w,1,0,0,3,-0.524362,15.933333333333334,10.08695652173913
Wolverhampton Wanderers,21,h,0.641359,1.45247,0.641359,1.45247,2,9,0,1,0.5597,l,0,0,1,0,-0.8111109999999999,9.052631578947368,15.75
Wolverhampton Wanderers,22,a,1.87026,0.838197,1.87026,0.838197,4,8,2,0,2.2487,w,1,0,0,3,1.032063,18.38888888888889,9.68
Wolverhampton Wanderers,23,h,0.472777,1.55048,0.472777,1.55048,4,8,2,1,0.4078,w,1,0,0,3,-1.077703,26.0,7.64
Wolverhampton Wanderers,24,a,1.10934,2.50961,1.10934,2.50961,2,23,1,2,0.5385,l,0,0,1,0,-1.40027,12.857142857142858,9.26923076923077
Wolverhampton Wanderers,25,a,0.892018,1.62241,0.892018,1.62241,7,14,0,1,0.7543,l,0,0,1,0,-0.7303919999999999,31.0,13.192307692307692
Wolverhampton Wanderers,26,h,0.710865,2.53759,0.710865,1.77642,8,9,0,2,0.1801,l,0,0,1,0,-1.0655550000000003,4.818181818181818,14.8
Wolverhampton Wanderers,27,h,1.55037,0.498696,1.55037,0.498696,5,4,4,0,2.2603000000000004,w,1,0,0,3,1.051674,9.0,31.2
Wolverhampton Wanderers,28,a,0.712135,0.397268,0.712135,0.397268,3,4,1,0,1.5958,w,1,0,0,3,0.31486699999999995,9.125,17.428571428571427
Wolverhampton Wanderers,29,h,1.24075,2.82103,1.24075,2.82103,8,6,2,3,0.43110000000000004,l,0,0,1,0,-1.58028,13.6,8.366666666666667
Brentford,0,h,1.88818,1.02385,1.88818,1.02385,7,10,2,0,2.1154,w,1,0,0,3,0.86433,16.11111111111111,5.7727272727272725
Brentford,1,a,0.712439,0.606313,0.712439,0.606313,6,5,0,0,1.3954,d,0,1,0,1,0.10612600000000005,8.172413793103448,9.2
Brentford,2,a,1.13312,0.431464,1.13312,0.431464,8,2,1,1,2.0072,d,0,1,0,1,0.7016559999999998,8.291666666666666,13.2
Brentford,3,h,0.729786,0.287902,0.729786,0.287902,3,6,0,1,1.7654,l,0,0,1,0,0.44188400000000005,10.125,6.615384615384615
Brentford,4,a,2.32741,1.02316,1.56627,1.02316,3,4,2,0,2.4119,w,1,0,0,3,0.54311,10.782608695652174,12.571428571428571
Brentford,5,h,2.94058,2.25736,2.94058,2.25736,4,12,3,3,1.8647,d,0,1,0,1,0.6832200000000004,23.7,6.705882352941177
Brentford,6,a,1.30098,1.37258,1.30098,1.37258,1,8,2,1,1.3241999999999998,w,1,0,0,3,-0.07159999999999989,13.428571428571429,6.0
Brentford,7,h,1.62169,0.248256,1.62169,0.248256,16,8,0,1,2.5013,l,0,0,1,0,1.373434,14.263157894736842,13.866666666666667
Brentford,8,h,1.16789,1.00254,1.16789,1.00254,7,5,1,2,1.4951999999999999,l,0,0,1,0,0.1653500000000001,5.837837837837838,21.333333333333332
Brentford,9,a,0.834312,2.72901,0.834312,2.72901,2,2,1,3,0.2717,l,0,0,1,0,-1.894698,9.210526315789474,16.263157894736842
Brentford,10,h,2.79229,1.15797,2.79229,0.396837,11,4,1,2,2.503,l,0,0,1,0,2.395453,6.782608695652174,14.722222222222221
Brentford,11,a,1.23275,2.18388,1.23275,2.18388,6,8,3,3,0.7258,d,0,1,0,1,-0.9511299999999998,7.65,7.7
Brentford,12,h,1.19813,0.968075,0.436957,0.968075,3,9,1,0,1.5935,w,1,0,0,3,-0.531118,13.210526315789474,6.9655172413793105
Brentford,13,a,0.225492,2.07248,0.225492,2.07248,7,6,0,2,0.1308,l,0,0,1,0,-1.846988,15.8125,17.5
Brentford,14,a,1.19959,1.41896,1.19959,1.41896,5,7,2,2,1.1591,d,0,1,0,1,-0.21937000000000006,11.08695652173913,4.785714285714286
Brentford,15,h,1.82799,0.561554,1.06682,0.561554,6,2,2,1,2.4263,w,1,0,0,3,0.5052660000000001,4.103448275862069,10.217391304347826
Brentford,16,a,1.10342,0.943363,1.10342,0.943363,7,7,0,2,1.4949999999999999,l,0,0,1,0,0.16005700000000012,12.631578947368421,10.32
Brentford,17,h,0.238829,1.01763,0.238829,1.01763,3,6,0,1,0.496,l,0,0,1,0,-0.7788010000000001,13.090909090909092,5.090909090909091
Brentford,18,h,0.501329,1.13821,0.501329,1.13821,4,6,2,1,0.7686,w,1,0,0,3,-0.6368809999999999,8.1,12.941176470588236
Brentford,19,a,0.621466,1.59306,0.621466,1.59306,3,1,1,4,0.5670000000000001,l,0,0,1,0,-0.971594,9.777777777777779,8.576923076923077
Brentford,20,a,0.376656,3.49099,0.376656,3.49099,5,11,0,3,0.061,l,0,0,1,0,-3.114334,15.15,8.823529411764707
Brentford,21,h,2.081,2.05969,2.081,2.05969,8,6,1,3,1.3774000000000002,l,0,0,1,0,0.021310000000000162,10.52,12.0625
Brentford,22,h,0.742573,0.218211,0.742573,0.218211,6,2,1,2,1.8158999999999998,l,0,0,1,0,0.524362,10.08695652173913,15.933333333333334
Brentford,23,a,0.461305,1.98246,0.461305,1.22129,3,11,0,2,0.29410000000000003,l,0,0,1,0,-0.7599849999999999,16.470588235294116,5.2
Brentford,24,h,1.97576,0.49802,1.97576,0.49802,7,5,0,0,2.5614,d,0,1,0,1,1.4777399999999998,9.08,5.7
Brentford,25,a,0.640726,1.52247,0.640726,1.52247,4,3,1,2,0.6603999999999999,l,0,0,1,0,-0.881744,24.1,7.304347826086956
Brentford,26,h,0.494232,2.25373,0.494232,2.25373,5,8,0,2,0.3033,l,0,0,1,0,-1.759498,11.619047619047619,5.631578947368421
Brentford,27,a,2.22064,0.77334,0.698303,0.77334,5,5,3,1,2.4979,w,1,0,0,3,-0.07503700000000002,9.48,7.421052631578948
Brentford,28,h,1.82002,0.825311,1.05885,0.825311,4,7,2,0,2.2026,w,1,0,0,3,0.23353900000000005,12.23076923076923,16.866666666666667
Brentford,29,a,1.72466,1.27865,1.72466,1.27865,12,6,1,2,1.7344,l,0,0,1,0,0.44601,15.2,11.043478260869565
Leeds,0,a,0.568342,1.64248,0.568342,1.64248,3,8,1,5,0.5492,l,0,0,1,0,-1.074138,7.242424242424242,12.590909090909092
Leeds,1,h,0.966093,1.85713,0.966093,1.09596,4,6,2,2,0.6439,d,0,1,0,1,-0.12986700000000007,5.428571428571429,17.0
Leeds,2,a,1.52078,1.71102,1.52078,1.71102,9,2,1,1,1.1537,d,0,1,0,1,-0.19023999999999996,8.133333333333333,14.416666666666666
Leeds,3,h,0.652514,4.4016,0.652514,4.4016,8,15,0,3,0.0453,l,0,0,1,0,-3.749086,38.0,16.8
Leeds,4,a,1.42995,1.17668,1.42995,1.17668,13,10,1,1,1.5584000000000002,d,0,1,0,1,0.2532700000000001,5.538461538461538,16.9
Leeds,5,h,1.1967,1.98962,1.1967,1.98962,8,5,1,2,0.8236999999999999,l,0,0,1,0,-0.7929199999999998,13.642857142857142,20.333333333333332
Leeds,6,h,1.57388,0.192794,1.57388,0.192794,9,4,1,0,2.5128000000000004,w,1,0,0,3,1.381086,6.75,13.857142857142858
Leeds,7,a,0.446173,1.83082,0.446173,1.83082,4,4,0,1,0.348,l,0,0,1,0,-1.384647,5.612903225806452,7.647058823529412
Leeds,8,h,1.71313,0.858644,0.951964,0.858644,4,2,1,1,2.0893,d,0,1,0,1,0.09332000000000007,3.6,15.555555555555555
Leeds,9,a,1.16855,0.661887,1.16855,0.661887,5,2,2,1,1.8229,w,1,0,0,3,0.506663,4.285714285714286,8.727272727272727
Leeds,10,h,1.96551,0.795292,1.96551,0.795292,5,4,1,1,2.3402000000000003,d,0,1,0,1,1.1702180000000002,8.772727272727273,12.444444444444445
Leeds,11,a,1.46689,2.31744,1.46689,2.31744,5,8,1,2,0.7541,l,0,0,1,0,-0.8505499999999999,7.419354838709677,9.59375
Leeds,12,a,0.864829,1.90498,0.864829,1.90498,6,13,0,0,0.6196999999999999,d,0,1,0,1,-1.0401509999999998,6.837837837837838,9.238095238095237
Leeds,13,h,1.9818,0.707328,1.22063,0.707328,5,4,1,0,2.4334000000000002,w,1,0,0,3,0.5133020000000001,3.8421052631578947,12.636363636363637
Leeds,14,h,1.41896,1.19959,1.41896,1.19959,7,5,2,2,1.5383,d,0,1,0,1,0.21937000000000006,4.785714285714286,11.08695652173913
Leeds,15,a,1.72934,2.74844,0.968172,1.2261,1,8,2,3,0.6751,l,0,0,1,0,-0.25792799999999994,11.722222222222221,7.0
Leeds,16,a,0.227498,3.31349,0.227498,3.31349,2,14,0,7,0.04529999999999999,l,0,0,1,0,-3.0859919999999996,27.0,11.65
Leeds,17,h,1.31408,3.69008,0.55291,3.69008,7,14,1,4,0.2098,l,0,0,1,0,-3.1371700000000002,14.125,7.483870967741935
Leeds,18,h,2.04186,0.960493,2.04186,0.960493,8,2,3,1,2.1539,w,1,0,0,3,1.0813669999999997,6.166666666666667,8.619047619047619
Leeds,19,a,2.26884,2.3549,2.26884,2.3549,6,9,3,2,1.3017999999999998,w,1,0,0,3,-0.08606000000000025,8.45,9.36
Leeds,20,h,1.12992,1.15904,1.12992,1.15904,11,9,0,1,1.3423,l,0,0,1,0,-0.029120000000000035,6.105263157894737,13.210526315789474
Leeds,21,a,2.52914,1.5013,2.52914,1.5013,8,2,3,3,2.1414,d,0,1,0,1,1.0278399999999999,9.866666666666667,13.857142857142858
Leeds,22,a,0.242668,2.58561,0.242668,2.58561,4,10,0,3,0.0782,l,0,0,1,0,-2.342942,6.043478260869565,11.148148148148149
Leeds,23,h,1.74476,2.60999,1.74476,2.60999,6,12,2,4,0.8092,l,0,0,1,0,-0.8652299999999997,5.133333333333334,8.310344827586206
Leeds,24,a,0.141547,5.3303,0.141547,3.80797,3,13,0,6,0.0015,l,0,0,1,0,-3.666423,25.58823529411765,11.272727272727273
Leeds,25,h,1.89569,2.47025,1.89569,2.47025,16,10,0,4,1.0085,l,0,0,1,0,-0.57456,7.945945945945946,17.916666666666668
Leeds,26,a,2.14389,0.359129,2.14389,0.359129,12,6,0,1,2.6335,l,0,0,1,0,1.7847609999999998,11.208333333333334,11.619047619047619
Leeds,27,h,0.194028,1.2729,0.194028,1.2729,1,8,0,3,0.4279,l,0,0,1,0,-1.0788719999999998,6.542857142857143,11.85
Leeds,28,h,3.11755,1.40148,3.11755,1.40148,10,12,2,1,2.5278,w,1,0,0,3,1.71607,5.555555555555555,11.777777777777779
Leeds,29,a,2.82103,1.24075,2.82103,1.24075,6,8,3,2,2.4144,w,1,0,0,3,1.58028,8.366666666666667,13.6
